,ISIC 01T03,ISIC 05,ISIC 06,ISIC 07T08,ISIC 09,ISIC 10T12,ISIC 13T15,ISIC 16,ISIC 17T18,ISIC 19,ISIC 20,ISIC 21,ISIC 22,ISIC 231,ISIC 239,ISIC 241,ISIC 242,ISIC 25,ISIC 26,ISIC 27,ISIC 28,ISIC 29,ISIC 30,ISIC 31T33,ISIC 351,ISIC 352T353,ISIC 36T39,ISIC 41T43,ISIC 45T47,ISIC 49T53,ISIC 55T56,ISIC 58T60,ISIC 61,ISIC 62T63,ISIC 64T66,ISIC 68,ISIC 69T82,ISIC 84,ISIC 85,ISIC 86T88,ISIC 90T96,ISIC 97T98
ISIC 01T03,1.1919351957811566,0,2.1280050017324695e-4,0.0010821618320854117,4.6231252715715814e-4,0.159574430771727,0.019286367095552613,0.07733496406483478,0.003969970530290554,4.370144845769118e-4,0.012802004323978763,0.01280200432397877,0.002506335578025653,5.124567320395866e-4,5.124567320395868e-4,3.565611414430952e-4,2.6202302832921973e-4,2.2019127397778786e-4,1.3064092675162256e-4,4.0958987665717944e-4,2.700186409689528e-4,4.5070362285248145e-4,1.4070565880242613e-4,0.0024087042396816077,1.6052558724508674e-4,1.7072352289110947e-4,3.295169997880617e-4,0.0016757653389302255,8.473373521572266e-4,5.533189274137165e-4,0.004777764696632823,1.7283109201825838e-4,1.8870591570413267e-4,2.2406550726952612e-4,1.341356555178403e-4,2.2277884368654722e-4,7.012710839034479e-4,0.002314530477809085,0.0010299887174542294,9.502101444238125e-4,7.78510380232831e-4,0
ISIC 05,0,1,0,0,0,0,0,0,0,0,0,0,0,0,0,0,0,0,0,0,0,0,0,0,0,0,0,0,0,0,0,0,0,0,0,0,0,0,0,0,0,0
ISIC 06,5.571080984249246e-5,0,1.0012632712748581,2.554073824312285e-4,4.905988920949922e-4,2.1743363352036723e-5,1.9680406585562654e-5,2.9402357614248883e-5,2.284332855799572e-5,0.0011268798842993108,5.6222559047204225e-5,5.622255904720425e-5,3.120038587149642e-5,3.520738081800632e-5,3.520738081800633e-5,6.305330155334368e-4,4.7291914600455577e-5,3.372131179478546e-5,4.83834986765885e-6,2.7467871911282906e-5,2.165083943571096e-5,1.6703197772353777e-5,7.090577722736164e-6,2.254591052295951e-5,1.6448825654333114e-4,8.963870524973692e-5,7.812280324556755e-5,6.048521840108748e-5,1.1105034975065114e-5,1.0022114081395344e-4,1.4640081838607065e-5,5.386282069693035e-6,5.090405985652767e-6,9.255433811802487e-6,8.022868991106167e-6,8.792250691964917e-6,1.2466234534655124e-5,6.965619896940207e-5,1.2571735467223786e-5,1.0151291629002697e-5,1.2802135017155178e-5,0
ISIC 07T08,0.002107033971372204,0,0.00235752905176043,1.033154253913723,0.0018915700109645827,0.0010589562044675865,6.451673004060864e-4,5.224802928208129e-4,0.001427278705192016,0.003257792975026974,0.002996991459625606,0.002996991459625607,8.591677386885167e-4,0.03777557062417399,0.03777557062417401,0.008977236748413817,0.01569796955248822,0.0010370280529333055,8.386753717338505e-5,6.238500216458308e-4,3.8350833712642515e-4,4.293108518742081e-4,2.188209813728477e-4,4.1957269715556857e-4,0.005754137666966326,0.0029689246227439553,0.0022201591392693306,0.005765364214368719,1.3566924426554398e-4,5.033189809496153e-4,5.778426476817787e-4,1.9802723517237184e-4,3.0321100974956775e-4,2.9100337393869876e-4,7.43604625408915e-5,3.1373162419450385e-4,3.283758087654984e-4,0.0011719294566861181,7.022673412768729e-4,2.11988683336862e-4,0.001154663801346426,0
ISIC 09,4.066401924471748e-5,0,0.05205873031800047,0.00875426424424538,1.021475923310073,2.791477623544221e-5,1.9895012115207206e-5,2.6840304810232976e-5,3.640475346224001e-5,1.382179453241307e-4,4.430093856712697e-5,4.430093856712699e-5,3.0302536864757056e-5,3.498080936223436e-4,3.498080936223438e-4,1.4671983345756348e-4,1.5671012634947123e-4,4.346615552443661e-5,1.1476553995692206e-5,2.7106731522425426e-5,2.721673843149394e-5,2.0509439766855055e-5,1.5594495101009022e-5,2.320768106205802e-5,9.59098258317345e-5,8.04864926323472e-5,4.7949630195903984e-5,6.944498452223723e-5,2.1680202450096515e-5,4.981287635639198e-5,2.913928076944188e-5,1.3862771353778418e-5,1.886174867387253e-5,1.2840642527736926e-5,1.3739796295523518e-5,9.393498800571642e-5,2.244830328984861e-5,7.892997166861406e-5,3.2912366769268046e-5,1.7968021539758832e-5,3.6139432687347195e-5,0
ISIC 10T12,0.028215654254436624,0,4.225969617043271e-4,5.272704910138244e-4,5.479438593673626e-4,1.0597767109194436,0.004191175947283847,0.0025632339735180564,0.001834537311151352,7.945582233999201e-4,0.002972001783678467,0.002972001783678469,0.0017963529094576268,0.0013452856876279905,0.001345285687627991,6.209958268435788e-4,4.1704828608486705e-4,4.0919811144675265e-4,2.0771198128773482e-4,4.141779750983654e-4,5.074384679255314e-4,6.380501179032218e-4,2.838780084915692e-4,8.584249544731846e-4,3.736277587082558e-4,3.2127521158980746e-4,5.986614986377845e-4,7.907956744515573e-4,0.0010408493913118724,5.272450085167267e-4,0.021773412967196978,2.9630770505592043e-4,2.6891535545968626e-4,5.952484598547553e-4,3.2769717971348216e-4,3.260496861211561e-4,8.957839546165059e-4,0.005525426873233652,0.004848453062726459,0.004669517205934614,0.0024675633332888586,0
ISIC 13T15,8.31476915563691e-5,0,2.492886684570023e-5,4.116644565881658e-5,3.7049904378281015e-5,8.20887287149151e-5,1.024864451536081,8.816443198115571e-4,0.0018528200477034502,3.541101301021584e-5,6.566348359537746e-5,6.566348359537749e-5,0.001170321192499952,4.1227562442282397e-4,4.1227562442282424e-4,3.0169426607757785e-5,2.4010208495621347e-5,2.7435667002330796e-5,1.6638575897368865e-5,3.750256936116433e-5,4.110227764314515e-4,0.0010153501599727665,5.973450878090678e-4,0.0033933356340033914,1.5268205091925166e-5,2.035773041072311e-5,1.5649319719849975e-4,2.7276833797895743e-4,2.327122398049805e-4,4.892197421666282e-5,8.729960192959416e-5,5.506752572966186e-5,3.478167337021847e-5,2.233261433873585e-5,1.471518254379036e-5,2.490194714307129e-5,9.117721989168668e-5,1.8913165362538617e-4,7.088097138686184e-5,1.100815581705404e-4,4.5618691324505654e-4,0
ISIC 16,0.001278215574818231,0,2.098858319695592e-4,0.0015237045009210393,0.001619980377559425,6.676564027172232e-4,4.968727266276976e-4,1.1030718620267006,0.003634248614501465,3.098263612644247e-4,3.974355246711477e-4,3.974355246711478e-4,0.004133235079429067,0.001298521023102399,0.0012985210231023993,8.228933647398108e-4,0.0014257817534656424,4.6444405811222223e-4,5.733376862373729e-4,0.0032337870398938522,0.0011237178500582078,0.0027087238774297184,4.2577902410021156e-4,0.017045325690651366,3.345325044012117e-4,4.029802977155007e-4,3.905293323334843e-4,0.01195808470607137,0.0014767249152591992,0.004720138267722042,8.309215037502439e-4,4.336440637516744e-4,6.385361934650005e-4,4.7984789978507863e-4,1.5919495951706954e-4,0.0011213321159850341,5.920855181667323e-4,7.206159268733577e-4,2.865930009633281e-4,5.902480865475615e-4,5.150245939754631e-4,0
ISIC 17T18,8.047961262873652e-4,0,0.0011670486990898702,0.0014782965672343576,0.001347697401512287,0.0065861857975030936,0.004479768676944853,0.0034866690955899136,1.0351652507136326,5.157872743869482e-4,0.002696764855442481,0.0026967648554424824,0.004893929268124497,0.003554881076262931,0.003554881076262932,0.001130679764156365,0.0018532199779794957,0.0019894121944329015,7.996181058809781e-4,0.0026863313708287945,0.0020770203512965007,0.0026855738405926755,9.049680963477951e-4,0.004812346175113466,5.672087411225337e-4,8.395237577031473e-4,0.0014855276865140398,0.0013691932272779587,0.004319156805250427,0.0019186802271428489,0.0033981477214818433,0.004463714828813664,0.0012763498595525042,0.0031372700173214786,0.0027038785256866303,4.690830410810774e-4,0.0032192138299669865,0.0033661160685911837,0.002155503095284517,0.003706811261158781,0.0022786059651159507,0
ISIC 19,0.01862028287299085,0,0.014103697589944173,0.023206368823744935,0.017218192416418036,0.006673764736499221,0.00887056509570368,0.009618895890355302,0.0075233993527924975,1.027460235676282,0.015345903252483499,0.015345903252483506,0.014251033921618386,0.0075313567789076896,0.007531356778907691,0.02035799340009302,0.012012378941888637,0.00917383234532514,0.0013483708351427527,0.008110015400890383,0.005722811175001275,0.004759955446132005,0.001810920824967284,0.007267142479997091,0.017935472434733923,0.010958609941229646,0.013139333244500825,0.018617332427103887,0.0029247494482531424,0.03165145757446639,0.003875345440590282,0.001225703481895903,0.0011614903448891173,0.002437270286460545,0.0022230442189586563,0.0017301845801275288,0.003450605390945343,0.018993861410465145,0.002992217180337511,0.0031918448993938264,0.0035105234723726954,0
ISIC 20,0.015372637075699622,0,0.004822627407459111,0.004580826158661928,0.0037950170757792365,0.004551459509271556,0.034388411678810904,0.009433146351036597,0.011086146560748217,0.016963958808121554,1.0412667805914244,0.04126678059142456,0.053628616066346176,0.006360419256127024,0.0063604192561270275,0.009937135512336447,0.0016801434509472288,0.0041851476793572494,0.0019176765813926253,0.004789194821727131,0.0025973675311815603,0.005670134506276161,0.0014196978703583702,0.00884752295261848,0.0011511968762544218,8.083850419274628e-4,0.00311131908255459,0.0030964388496621926,7.996033479602769e-4,0.0013940367385958192,9.413587303411482e-4,6.361385942034262e-4,6.063150493048449e-4,7.326494629169697e-4,3.025718657915518e-4,5.970944471866114e-4,0.0015368566797023633,0.0027297629986511264,8.53029592869179e-4,0.005729926429286134,0.0021085954517994546,0
ISIC 21,0.0038431592689249054,0,0.0012056568518647786,0.001145206539665482,9.48754268944809e-4,0.0011378648773178893,0.008597102919702731,0.0023582865877591493,0.0027715366401870555,0.004240989702030388,0.010316695147856133,1.0103166951478566,0.013407154016586544,0.001590104814031756,0.0015901048140317569,0.002484283878084112,4.200358627368071e-4,0.0010462869198393124,4.7941914534815644e-4,0.0011972987054317832,6.493418827953901e-4,0.0014175336265690398,3.549244675895927e-4,0.002211880738154621,2.8779921906360546e-4,2.0209626048186576e-4,7.778297706386473e-4,7.741097124155481e-4,1.999008369900692e-4,3.485091846489547e-4,2.353396825852871e-4,1.590346485508566e-4,1.515787623262112e-4,1.8316236572924242e-4,7.564296644788796e-5,1.4927361179665287e-4,3.842141699255907e-4,6.824407496627817e-4,2.1325739821729481e-4,0.0014324816073215335,5.27148862949864e-4,0
ISIC 22,0.0021321889537198693,0,5.574704872834157e-4,0.003277832888861078,0.002261353689898084,0.007501205785328006,0.004247641592673194,0.003880050118901177,0.007184423031675389,7.05062754608091e-4,0.004372192644635559,0.004372192644635559,1.0266013121731226,0.002708244893381262,0.0027082448933812638,8.123540282745175e-4,9.384285227692647e-4,0.0021504406816143574,0.002668717102250007,0.0054986575950784385,0.007268268771905665,0.01102645222277649,0.00327348043535209,0.01082500409551667,2.763863542795079e-4,5.209168111807067e-4,0.0013012054169659918,0.005739125522960288,0.002459762808248701,0.0013402731999730675,0.002850206058371413,0.001431642697380762,0.0024056022707125277,0.0014896107891252922,3.4202166685744044e-4,3.029865212358685e-4,0.0012443439847653378,0.0016747447383193253,6.463073862290172e-4,0.0025701782444198028,0.0015684812001308377,0
ISIC 231,4.033538395453491e-5,0,2.3366888326401057e-4,4.15368885534907e-4,5.430014964967143e-4,2.1306493288013464e-4,4.805953325485283e-5,4.883221954733901e-4,8.057271046497059e-5,1.8124216483975296e-4,1.2541796849701906e-4,1.2541796849701906e-4,3.852194017938775e-4,1.005530036982903,0.00553003698290295,3.021500870102188e-4,4.4422506335400035e-4,1.6902063306068827e-4,4.912559679659666e-5,7.114112997712612e-4,1.9562439242987967e-4,6.257021467261436e-4,4.7050455316607685e-5,2.1769009197857608e-4,5.3047955264725987e-5,5.510499045610599e-5,9.269945031324081e-5,0.002365645998624422,4.024172948217968e-5,5.8240824131964466e-5,1.1478702686742794e-4,6.814695901878281e-5,1.223174097938086e-4,5.3308424048383706e-5,1.6923341187547657e-5,8.329864046756081e-5,9.865012094263972e-5,1.1655848666053231e-4,3.539988479299195e-5,1.0331237698119752e-4,1.3448244673176592e-4,0
ISIC 239,3.6301845559081426e-4,0,0.002103019949376097,0.0037383199698141655,0.004887013468470432,0.001917584395921213,4.3253579929367536e-4,0.004394899759260514,7.25154394184735e-4,0.0016311794835577762,0.0011287617164731716,0.0011287617164731719,0.003466974616144898,0.04977033284612651,1.0497703328461272,0.0027193507830919677,0.003998025570186003,0.0015211856975461935,4.421303711693701e-4,0.006402701697941349,0.0017606195318689178,0.0056313193205352954,4.2345409784946906e-4,0.0019592108278071846,4.7743159738253407e-4,4.959449141049541e-4,8.342950528191673e-4,0.021290813987619804,3.621755653396172e-4,5.241674171876803e-4,0.0010330832418068523,6.133226311690453e-4,0.0011008566881442771,4.7977581643545315e-4,1.5231007068792886e-4,7.496877642080472e-4,8.87851088483757e-4,0.0010490263799447916,3.185989631369275e-4,9.29811392830778e-4,0.0012103420205858936,0
ISIC 241,9.586234031232591e-4,0,0.0014247699012769986,0.001460187139267472,0.0011072640292700553,4.962715177396261e-4,4.823925476084825e-4,6.823132988857646e-4,5.073104746159556e-4,0.0014036826618087823,7.583189270709202e-4,7.583189270709202e-4,0.001013642765693572,9.204494122555981e-4,9.204494122555982e-4,1.0044765093829864,0.008087288361590908,0.008497356902617081,5.612672811045779e-4,0.004550469189144642,0.004412603043805708,0.0032179998254599027,0.0010688810952622495,0.0018012515417837583,9.37798048662572e-4,6.254090894861418e-4,8.113339202873738e-4,0.0012340137317710727,1.7943768870225024e-4,0.0017694557012819549,2.289584547692896e-4,9.860400656722069e-5,1.174486814368156e-4,1.6355963482695028e-4,1.2140365766982854e-4,1.1332760239094093e-4,2.15069029635977e-4,0.001018833412397507,1.880412866499066e-4,1.8412004424918469e-4,2.54622788185366e-4,0
ISIC 242,1.660594574962899e-4,0,6.974209651002128e-4,4.241531653003402e-4,3.3422959521274987e-4,1.8444432262026291e-4,1.0014613524489392e-4,2.3887004678348927e-4,1.6526488715573116e-4,2.3667662658304335e-4,1.1089663784076078e-4,1.1089663784076082e-4,3.561520550558748e-4,5.030234355502856e-4,5.030234355502857e-4,0.002986630779492698,1.0062180126791027,0.006647774543328543,4.1444731351228723e-4,0.003453825807511065,0.003420291079694458,0.002474859155123485,8.144091744735291e-4,0.0012324527078241177,1.7175901033875522e-4,1.4782812653429516e-4,2.2753959963539e-4,3.9147678404829664e-4,4.969913094777308e-5,3.967799405685296e-4,5.865248563545519e-5,3.997768713030272e-5,5.7528193613748754e-5,5.289427784227054e-5,2.5516196606930176e-5,3.5273450520715703e-5,6.139149986753846e-5,2.029178723633316e-4,5.449823649007435e-5,4.466149872518829e-5,9.176414305291969e-5,0
ISIC 25,0.001434749046696035,0,0.006270787463814663,0.0039493868266528304,0.0033946516460324704,0.005539397226928181,0.002935019945248169,0.00880940149012573,0.005328728770513976,0.0015873662871606904,0.003634429834703391,0.0036344298347033913,0.009676064611339914,0.0052212375966696,0.0052212375966696,0.003907268192725951,0.006633309650029148,1.0308944053462914,0.006131103620432799,0.021970018492210343,0.018479323312381436,0.012149283289258727,0.011068022606901868,0.011925338307888165,6.996088337190433e-4,0.006089754077430429,0.005522954458318138,0.014303172374585992,6.657586936319445e-4,0.0017254105262548497,0.0013216574736434458,0.0018070667947681625,0.00290718707003874,0.001627935344153933,2.4511035343779465e-4,6.121227494194406e-4,0.0011072235349304188,0.001556344102205024,6.689906452380139e-4,8.090979672877969e-4,0.0015707281111292611,0
ISIC 26,1.465754369167013e-4,0,2.2338051985171448e-4,2.433026053856852e-4,2.329845874812103e-4,6.477700785133844e-4,0.001137661708024092,0.0018552318961958087,0.0022487504561408854,1.9087303354008102e-4,0.001263744604747676,0.0012637446047476762,0.0019482900620183675,9.321191889283062e-4,9.321191889283063e-4,6.498387757564181e-4,0.0011891545277553414,0.002456832712104466,1.0157369662903586,0.006222405554484068,0.003142797114119064,0.002837959215273531,0.006991469806764159,0.002558579489145877,1.3398949267712172e-4,1.4547965757049193e-4,6.973108370963773e-4,8.203691949848462e-4,0.001177258731170034,2.2299321055754384e-4,2.0592626469870454e-4,0.0012691694870189687,0.0017162573704030905,0.001644804139646038,1.0341791634026554e-4,7.78622335665617e-5,5.291839068709763e-4,0.0011093718473649062,6.880226355215121e-4,8.188152652839722e-4,4.673089994647173e-4,0
ISIC 27,1.9232611941916614e-4,0,1.8451551424760783e-4,2.9823145810554887e-4,3.468302337497616e-4,1.2940987816120189e-4,9.350858965382602e-5,5.481185355327047e-4,1.38273861786387e-4,1.2233157905853118e-4,3.712716928145356e-4,3.7127169281453567e-4,7.388687768743625e-4,1.8066948026624377e-4,1.8066948026624382e-4,7.899096277036735e-4,0.0015743589323171856,0.0014600680001966675,0.0010168306251040456,1.0138549943475983,0.006045487916345846,0.0022139792972590564,8.752613150143705e-4,5.789762781205128e-4,1.1513646824687403e-4,1.4582112182706596e-4,6.020297323140034e-4,0.004299729324878461,3.653301660737291e-4,4.290113970525521e-4,2.2499041130837085e-4,3.367070619984553e-4,5.89523213467976e-4,0.0010715520862359634,7.216082336264009e-5,1.6851514411990616e-4,4.0084478870795097e-4,6.825974015019479e-4,2.677251884498043e-4,2.1737988980156052e-4,0.0013528967974207223,0
ISIC 28,5.286869817977016e-4,0,0.009664254512917686,0.009618177416827883,0.013183779108474862,0.0013301951419928144,5.372540544532358e-4,0.0018687559718845459,0.0037932232141828807,3.8325943149828925e-4,0.0014134653493977657,0.001413465349397766,0.002834072256823342,0.0010294256352581983,0.0010294256352581985,9.92185208917081e-4,0.0017077141326539435,0.004876146409841141,6.22367605268771e-4,0.004445579438267738,1.024024229840217,0.013735384288833667,0.003844118823500458,0.0012143854583158433,5.351825445690914e-4,7.870768091105429e-4,0.00560493064292843,0.008066197626718273,6.938294986735098e-4,0.0013859060607020197,7.212399351585714e-4,6.016433078008904e-4,8.213186625092353e-4,0.00120863912729095,2.6218413873508434e-4,4.203674256307028e-4,9.107178664661996e-4,9.587404097918253e-4,0.002148434689190744,6.669545596378596e-4,0.002113042139320829,0
ISIC 29,9.86612722389157e-4,0,0.0014530743181542613,0.0028690133640586423,0.0016802804817828705,0.0016099581366134533,8.048139323529619e-4,0.003973696311867451,0.0010089405874072193,2.553226934487491e-4,6.190558691602822e-4,6.190558691602823e-4,8.584151116400355e-4,0.0012655258695229814,0.0012655258695229814,5.360815186462887e-4,8.659921045879591e-4,0.0012567361866487638,7.444844529459019e-4,0.0016390458729010058,0.008868945273736498,1.0888392822898858,0.0020722231300936236,0.0014760415803057548,2.288933669317429e-4,2.554583649115584e-4,0.002543717544803515,7.095146321557276e-4,0.0014835065541603677,0.0026867565437855693,6.088277996425331e-4,4.6203098964982037e-4,5.970193859630418e-4,3.354366819409819e-4,1.5122533554401903e-4,1.3355555543943055e-4,0.0016211456258027992,0.001397966805599805,5.145474925167912e-4,8.082221999476405e-4,0.0033282449225881575,0
ISIC 30,2.870929785546158e-4,0,9.476416548201118e-4,0.0010236611184766921,9.694303159744175e-4,6.056182747228558e-4,6.011289287175637e-4,5.821917961262816e-4,6.170943333745284e-4,3.005526399471042e-4,5.633697190321905e-4,5.633697190321905e-4,5.495421496604852e-4,6.371646960845149e-4,6.371646960845149e-4,3.770019554486975e-4,4.668350656072996e-4,7.733240099648285e-4,9.195012851754773e-4,8.669382413493937e-4,0.00117110540052246,0.002080104676528819,1.0522181355163447,6.349823315435087e-4,4.965025622367093e-4,5.553289796833706e-4,0.001062361052502983,5.76528359559359e-4,8.912318792501104e-4,0.0030600531394867616,8.651041880187192e-4,6.301613408639873e-4,6.208046276256436e-4,8.486730114942223e-4,4.386869893425146e-4,3.4985744357710915e-4,9.998651366577562e-4,0.004817976353345027,4.734827876630564e-4,7.282589470679543e-4,6.506291096854145e-4,0
ISIC 31T33,1.7080669487330635e-4,0,1.2776427948937e-4,3.280043082533627e-4,2.5369739365819973e-4,1.336110801033283e-4,7.512308577294953e-4,0.0016422537287589696,1.6398151101291715e-4,1.1571156341939804e-4,1.9184782668705088e-4,1.9184782668705088e-4,9.301605440739472e-4,2.7983530647849594e-4,2.7983530647849594e-4,1.2172774946094065e-4,1.287971744761755e-4,1.53055348443417e-4,1.5699138255047043e-4,8.203732750639596e-4,0.0014275609494986592,8.393134334413696e-4,3.350549232039828e-4,1.0094520127217315,1.1076012416177853e-4,1.380736811061498e-4,6.366774683099703e-4,0.005040870462271573,2.586258631782907e-4,2.1853951499103307e-4,2.8658547024136837e-4,1.261981662733902e-4,1.783907085298718e-4,1.9514562450857027e-4,6.997490094230435e-5,3.9314816731543203e-4,2.5971850862172876e-4,5.421399343153271e-4,2.5181024483034896e-4,0.003827102190359332,7.096506424822793e-4,0
ISIC 351,0.003925103496344902,0,0.006020686536574889,0.005873444073805206,0.0012958719352741377,0.0021463907022515327,0.002277032901767214,0.0028393186350714884,0.0030436755633335235,0.006912119712023334,0.0028948232776133953,0.0028948232776133957,0.0031978073144139385,0.00457289560384949,0.004572895603849491,0.0052131140751247515,0.0032166676774272344,0.0020678792334607996,6.893928746796233e-4,0.0011454586685501532,0.0012128878849876246,0.0010284792418094667,0.0014001109620894485,0.0013298204308820958,1.0096436184746467,0.0069463641855461245,0.009014755505751058,0.0013372235453055987,0.002063727587309813,0.0018709778411096624,0.0033199157679508593,8.139983888535423e-4,0.001147035090909169,6.882028430353288e-4,4.6130497994839175e-4,0.0015541172473853562,9.734345480290606e-4,0.0022037230926080257,0.002234269032352634,0.0014416076223359882,0.001904002127397503,0
ISIC 352T353,0.002042465463680632,0,0.006138041671972591,0.0029686731676978086,7.619400502638848e-4,0.0010479981628043827,0.0011255083477088547,0.0013895361675261137,0.0014646725785583492,0.009428208659650899,0.0015000462763521407,0.001500046276352141,0.0015732890215874942,0.002164658354861024,0.0021646583548610237,0.005824016804863773,0.0015888478985171639,0.0010399675811710051,3.285953939585907e-4,5.990208361621813e-4,6.124481971980346e-4,5.144663112446032e-4,6.588519343194765e-4,6.713455432938896e-4,0.006779628394223509,1.0043501019158214,0.004201759220277349,7.65378401658203e-4,9.709467090456936e-4,0.001196587486305246,0.0015467276558525313,3.8881392803807353e-4,5.407753214238884e-4,3.4203602351283983e-4,2.266647118241941e-4,6.293003184304491e-4,4.685239565720213e-4,0.0013048745994090171,0.0010491827587083323,6.697095349139071e-4,8.837944704887697e-4,0
ISIC 36T39,9.375734682518539e-4,0,0.001368308315108072,0.001431505679036873,5.794074932767591e-4,7.595633697905339e-4,7.035952823445939e-4,8.657672188209139e-4,9.067708957051154e-4,0.0011487447366039236,0.0010044370411577913,0.0010044370411577915,9.438391325618233e-4,0.001349969149321451,0.0013499691493214512,0.0010330166779764275,8.970283912152679e-4,6.573328050095209e-4,2.214080480700366e-4,3.6428776028689337e-4,4.299385427200704e-4,3.162621312623841e-4,4.2095316644421936e-4,5.159592252091509e-4,0.002061868736635047,0.0019326403081714322,1.0145696840826648,5.318666010847987e-4,7.823748865596551e-4,8.099101765752171e-4,0.0012470689061007106,2.684156660752921e-4,3.4030806100010183e-4,3.1309853294840605e-4,3.3278214064923255e-4,0.0019989689488078186,6.363522681428237e-4,0.0018848199013198601,7.685707803233862e-4,8.394378862676828e-4,9.652450791866306e-4,0
ISIC 41T43,0.005644042150826669,0,0.0027214758020168836,0.033840430645654986,0.021167507257698375,0.003950281838649312,0.0031404021860370066,0.004604639782447161,0.006018555773739326,0.015777928547713736,0.0038666995330076054,0.0038666995330076063,0.0047801966691346995,0.009261987755875669,0.00926198775587567,0.011238088584522275,0.00590346994418527,0.004941987063302599,0.0020143308031339326,0.0022577981836783886,0.0033272874834548334,0.002244254191529544,0.0019153308201134418,0.003194600162628158,0.01245239146928083,0.015723223177007098,0.006505761457837899,1.0018947867886312,0.005592814154031289,0.012208301027381277,0.006475102576182926,0.0028519880071291694,0.004207362694828104,0.0018890718855821735,0.003683091089208049,0.031086542373315054,0.0036422658335440177,0.021582714304331313,0.008347469693545195,0.004258789134522423,0.007737267636142249,0
ISIC 45T47,0.03922895356158957,0,0.010504431891556892,0.01887827227782773,0.014892131001871405,0.034081457831565416,0.021096234223651048,0.036489060201089475,0.026688755075432197,0.014476359303016391,0.026381340441507965,0.02638134044150797,0.025674569822030053,0.018861077294481943,0.018861077294481943,0.020521609889952552,0.027625187709446206,0.018137310288273846,0.010895337322787782,0.02280858605274228,0.029218235721026335,0.038007514117073114,0.013480906247839758,0.025671827219576684,0.011991415255672528,0.009918225491363217,0.015522444139322222,0.06097021593826026,1.0113107836847486,0.022432108818153544,0.01929311429907866,0.008656219503018462,0.008629873800293952,0.006239765725992955,0.0035765930710026394,0.006120535994202124,0.011923046995153048,0.010260841766590926,0.006138296111815771,0.010814316791606202,0.013946732781482077,0
ISIC 49T53,0.026147697032531253,0,0.006670843164140629,0.023420937942853017,0.009790712970960846,0.034745727270997104,0.02238442635151463,0.03916825021205318,0.024877300153280997,0.01849748480582644,0.01578868875802948,0.015788688758029485,0.02639474989837646,0.04910025211058374,0.04910025211058374,0.02509187631808162,0.03284073182139904,0.013902537203221115,0.0042025892968760685,0.011797336518728805,0.01193007163773631,0.01283146676897588,0.006181447922689345,0.016955733172072593,0.02892499088083217,0.026802333793311692,0.027339989796977125,0.015254849161714342,0.03477909478283919,1.1089387880656094,0.009589898439277033,0.006284653930456168,0.004325180017671312,0.012486108859643658,0.006050384728240837,0.0033998418747240126,0.014882545887234365,0.01441858789986534,0.005777675687751052,0.011610045903516308,0.007706657321011835,0
ISIC 55T56,0.0017268205432266217,0,0.0016725600488619072,0.0018562554341314947,0.006328364724689462,0.001918939802747295,0.0017183143777811003,0.002690777940589041,0.003684477435671828,9.83020763888364e-4,0.001325940144812438,0.0013259401448124381,0.0030007226109651517,0.0036964176344055364,0.0036964176344055377,0.001433155542554057,0.0019620943158155458,0.0024887236010779396,6.883503681255948e-4,0.001184047952996015,0.0021448350208101105,0.0013738034956979873,0.0010018697609144307,0.0026126606718058273,0.0060279134409605886,0.004192537434096152,0.008110220694125755,0.0014895085930570896,0.00550247262445777,0.004540621904399043,1.0136374376981054,0.0028883300335533504,0.0025479653114237532,0.0159947603680492,0.00881174710234467,0.008261206714909234,0.012839561512317701,0.00571843716751305,0.00647284750472685,0.022135504091625208,0.005133031733299316,0
ISIC 58T60,9.622655097786176e-4,0,0.0013901084507947348,0.0013336563878828108,0.0023525958015783084,0.0010736754830513373,0.00100448420894534,0.0015361309910671109,0.0018300096956698866,3.847301005405697e-4,6.89887332761195e-4,6.898873327611951e-4,9.673388633970038e-4,0.0024656845424578092,0.0024656845424578092,5.645131206039411e-4,7.757703142103696e-4,0.001420608806111779,5.33538605352365e-4,7.080093373511911e-4,0.0014021531609233117,6.550754993327553e-4,9.704930875803426e-4,0.001316245754669637,0.0013615178102709799,0.004798045844266216,0.0027532234277119205,0.0015154104955808136,0.0023184887438144693,0.001897129087010163,0.0033376313233102785,1.0228187143537997,0.033387703149499695,0.0042679694986245,0.002053030711481833,9.46988965443386e-4,0.00307617766537306,0.007481117833014309,0.002370883056887512,0.0021580472657583218,0.002760124207688684,0
ISIC 61,0.0018303486015403157,0,0.0028313862583335945,0.002762694903340904,0.004726029294850897,0.0021460618766167383,0.0020299692506025413,0.0029099077786969743,0.0034789161534291737,7.740512148706044e-4,0.00143097349617466,0.0014309734961746603,0.0018919618350537431,0.004749883518954912,0.004749883518954913,0.0011169723360555809,0.001519927819083801,0.0027493156131836206,0.0010660181988683595,0.0014154061497055816,0.002751856178746359,0.0013208051409829226,0.0018168603710006152,0.002557890265933751,0.002552514489238812,0.009130239671347873,0.0052990582329015485,0.0028949169239457133,0.004377069470942307,0.003658422853362522,0.006120231507510758,0.03416422596180609,1.0581652385190603,0.00775425210694054,0.0038309316344424475,0.0018523230610350539,0.005611455990860251,0.013750676133568451,0.004197466185037283,0.003906309480586964,0.0051788947101117115,0
ISIC 62T63,0.0016422936551938924,0,0.008824254769885825,0.005401233255546308,0.0031624334566259134,0.002904949304323603,0.0029031038937292445,0.004751539292287071,0.004921187108275251,0.0015622649827044478,0.0017521570071744798,0.0017521570071744798,0.0031086508092469317,0.006001757832666066,0.006001757832666067,0.002124703860329396,0.002785607536440262,0.0053497904888199265,0.0016361453220160094,0.002557163552238653,0.006081367763256478,0.002096292895992512,0.0058386286452425905,0.004832644227497493,0.006860413353721691,0.004813828865405223,0.008521306668899506,0.003529814510143479,0.007934571213680032,0.00561880853323236,0.008687913948077943,0.011218732157569604,0.008157816691965206,1.015840376423883,0.008288798109505134,0.0015532833773593093,0.009596602455168303,0.012976308438235565,0.0076990248795830015,0.0053798445988955754,0.007148091976204804,0
ISIC 64T66,0.005877579505779102,0,0.01243782577647624,0.016498546307851764,0.04938015912460205,0.004385435778023034,0.005430299420933284,0.003931229817639892,0.0036876381416546537,0.001708330345127464,0.003357094606283924,0.003357094606283925,0.003941286939390932,0.006161442924784327,0.006161442924784329,0.004182466160961684,0.007089742881922601,0.0067109590375956304,0.0030247040579943164,0.006003126282646037,0.006648588805315092,0.00558033255693139,0.003231358752951121,0.0081567563670906975,0.005828665912929813,0.01193423760014744,0.006594852080443881,0.0032618586583308337,0.009112629449617155,0.014383373341898046,0.01176182809597451,0.005843819546536053,0.006399346511735287,0.004862772633206395,1.0575205139351374,0.014399385907962517,0.012869502088971231,0.00826335212584326,0.006455193128101591,0.010904229661255593,0.008761631091009383,0
ISIC 68,0.014769773631654149,0,0.011973446380599535,0.00909192593169447,0.015987530349672364,0.01281630602235489,0.015739723350339494,0.0135571974630808,0.024472778135347265,0.003551237014847258,0.010652870964810724,0.010652870964810726,0.016875443022087065,0.014720130822256363,0.014720130822256367,0.005025054916478116,0.006756890512941573,0.01851211286484535,0.011093311616343979,0.00943359416050267,0.011020389833727341,0.007953399598556874,0.006820736872631046,0.018634672529991462,0.02161118439469401,0.01787637890987836,0.030780276872592868,0.01653882009322514,0.06776905239840254,0.03234045900913859,0.06195218638717538,0.030983897718042757,0.03741363618511332,0.024948600539101008,0.030300023333819148,1.0382075161680677,0.04715172061575744,0.014928509107548811,0.09775801755286889,0.07679497790444885,0.09297256426864461,0
ISIC 69T82,0.01150658485140646,0,0.07552855799818346,0.07159541516708634,0.07409627211784921,0.03631658559008014,0.038678244166477055,0.020129738432761005,0.03376720497934186,0.01605842928367643,0.035669124912053526,0.03566912491205353,0.024740087005267194,0.03575160638539651,0.03575160638539652,0.018779211134714147,0.021976313608924034,0.0358444161204858,0.02137329324357225,0.025365803653570853,0.04266350575716751,0.02571688844403531,0.02566079334060284,0.03395192198592083,0.031596435248008384,0.03651958373300644,0.054789678017027416,0.027020980612819913,0.06274969065338043,0.05507440369659556,0.0680557332849751,0.04651341939923817,0.04416750841761578,0.06174603057346549,0.03453611824168147,0.023045556010566917,1.0686018463418236,0.027429068344402723,0.033253389182470325,0.05485892762124465,0.040837922385054265,0
ISIC 84,0.0035963255823882696,0,0.0050764269251370306,0.006341215102079386,0.005038994871957602,0.004884023314403544,0.006541983380213581,0.004630768911694687,0.005057340723616489,0.004329769055653735,0.004780215800967955,0.004780215800967956,0.004251767431554507,0.006653107072915361,0.006653107072915361,0.004272999834386954,0.004206292164420032,0.0037384293782960092,0.0015246549409695974,0.0024828261604768194,0.0034629942103867497,0.0023373449639434037,0.002392271062496442,0.003917828928037152,0.00711367825611003,0.007106210302998738,0.01528027858827498,0.0026560834205902584,0.006814332097422942,0.007185204438775133,0.008521631610636482,0.003332273206320603,0.0033592746792929433,0.0046025596391197215,0.004267579142747184,0.004038672573728228,0.006938159897803628,1.0073064320265952,0.005180465294069122,0.007615227580867858,0.006322746761565111,0
ISIC 85,1.0452493555779183e-4,0,3.622135338618984e-4,3.432270551435548e-4,4.462667587355195e-4,2.030625817595517e-4,2.0388699681505446e-4,1.7516324680034103e-4,2.7218674045564705e-4,1.0065167721434832e-4,1.78670678740524e-4,1.7867067874052404e-4,1.8867026710199178e-4,2.618372949481542e-4,2.6183729494815423e-4,1.2460025699648198e-4,1.5274145605882866e-4,2.2560490141674666e-4,1.0553624521680541e-4,1.399659150404558e-4,2.4633788219790014e-4,1.4681101897658972e-4,1.5195940214026823e-4,2.1926681591081352e-4,3.3841219246106587e-4,2.9773805403514466e-4,4.721609847450126e-4,1.6860037599010657e-4,5.664161832673823e-4,3.613348285077826e-4,6.321660412240216e-4,2.9570669098976217e-4,2.640864735145118e-4,7.221390420453837e-4,3.8933063333736493e-4,3.032813842527135e-4,6.272842426890853e-4,6.711756067734145e-4,1.0012127564801845,7.683808430675234e-4,7.37129786559799e-4,0
ISIC 86T88,1.588114225090163e-4,0,2.7445647345735683e-4,3.003893967762317e-4,2.675217951508737e-4,2.063559741962879e-4,1.8281429742176173e-4,1.9959009186087444e-4,2.0870095554593966e-4,1.1670170490940364e-4,1.7394544373422027e-4,1.7394544373422027e-4,1.6722542708576683e-4,2.0937703627021162e-4,2.0937703627021164e-4,1.37118384884019e-4,1.611093630791647e-4,1.8618886493560415e-4,9.18846920238634e-5,1.4270544781279297e-4,2.3011086503888447e-4,1.778219609996173e-4,1.471449580416464e-4,1.9616427743087808e-4,2.0797406772008964e-4,1.8811648868432708e-4,2.925497039302289e-4,2.510805966248304e-4,2.6473251768126195e-4,2.602753942395012e-4,3.3156117622513227e-4,2.129491021030053e-4,1.7630257360391283e-4,3.380611381064949e-4,1.9204475099429016e-4,1.495449904214573e-4,3.382151708021391e-4,0.003441830953840372,1.9637335123073385e-4,1.0101330348266995,2.956349968209778e-4,0
ISIC 90T96,0.002135515994153788,0,0.0019473790123717737,0.002860123317957216,0.005682393022047833,0.0034455258519307435,0.0029399104345434537,0.004381578667570204,0.00560268376523588,0.002513870771397939,0.0034453944765150245,0.003445394476515025,0.0045609746850027895,0.008016943182776844,0.008016943182776846,0.0037402938403684814,0.005181423795987056,0.0049432191849107295,0.0018631431050870903,0.0020774959338765117,0.00350707944935591,0.0023605411018705683,0.0019972675985859547,0.0033521081023725626,0.003087659958404736,0.007099737456171794,0.021027048824729614,0.004485758077334301,0.008426999555042891,0.010369214476617488,0.010660293100767252,0.009225134135291767,0.01265348038420953,0.0057279029251873755,0.005934122973060458,0.007169316503666205,0.012815630440736735,0.009376008746706218,0.007556895147040915,0.008554893600919445,1.0094948337389096,0
ISIC 97T98,0,0,0,0,0,0,0,0,0,0,0,0,0,0,0,0,0,0,0,0,0,0,0,0,0,0,0,0,0,0,0,0,0,0,0,0,0,0,0,0,0,1
