Fuel (BTU),2024.0,2025.0,2026.0,2027.0,2028.0,2029.0,2030.0,2031.0,2032.0,2033.0,2034.0,2035.0,2036.0,2037.0,2038.0,2039.0,2040.0,2041.0,2042.0,2043.0,2044.0,2045.0,2046.0,2047.0,2048.0,2049.0,2050.0
electricity (not used in this variable),0.0,0.0,0.0,0.0,0.0,0.0,0.0,0.0,0.0,0.0,0.0,0.0,0.0,0.0,0.0,0.0,0.0,0.0,0.0,0.0,0.0,0.0,0.0,0.0,0.0,0.0,0.0
hard coal,189609000000000.0,217133000000000.0,204268000000000.0,200845000000000.0,201439000000000.0,193753000000000.0,197249000000000.0,199041000000000.0,199918000000000.0,201545000000000.0,202885000000000.0,205272000000000.0,207810000000000.0,210043000000000.0,212052000000000.0,214568000000000.0,214545000000000.0,215698000000000.0,215917000000000.0,211500000000000.0,209585000000000.0,208076000000000.0,207745000000000.0,207386000000000.0,206866000000000.0,206223000000000.0,205502000000000.0
natural gas,1391840000000000.0,1391130000000000.0,1284890000000000.0,1195720000000000.0,1139070000000000.0,1088080000000000.0,1063500000000000.0,1134570000000000.0,1208970000000000.0,1267980000000000.0,1363690000000000.0,1447180000000000.0,1519680000000000.0,1585260000000000.0,1627810000000000.0,1735980000000000.0,1834200000000000.0,1907270000000000.0,1942830000000000.0,1978000000000000.0,2002540000000000.0,2003710000000000.0,2002190000000000.0,1994210000000000.0,1993040000000000.0,1979390000000000.0,1956630000000000.0
nuclear,96120000000000.0,96837400000000.0,96502500000000.0,96502500000000.0,96502500000000.0,96502500000000.0,96502500000000.0,96502500000000.0,96502500000000.0,96502500000000.0,96502500000000.0,96502500000000.0,96502500000000.0,96502500000000.0,96502500000000.0,96502500000000.0,96502500000000.0,96502500000000.0,96502500000000.0,96502500000000.0,96502500000000.0,96502500000000.0,96502500000000.0,96502500000000.0,96502500000000.0,96502500000000.0,96502500000000.0
hydro (is not a fuel),0.0,0.0,0.0,0.0,0.0,0.0,0.0,0.0,0.0,0.0,0.0,0.0,0.0,0.0,0.0,0.0,0.0,0.0,0.0,0.0,0.0,0.0,0.0,0.0,0.0,0.0,0.0
wind (is not a fuel),0.0,0.0,0.0,0.0,0.0,0.0,0.0,0.0,0.0,0.0,0.0,0.0,0.0,0.0,0.0,0.0,0.0,0.0,0.0,0.0,0.0,0.0,0.0,0.0,0.0,0.0,0.0
solar (is not a fuel),0.0,0.0,0.0,0.0,0.0,0.0,0.0,0.0,0.0,0.0,0.0,0.0,0.0,0.0,0.0,0.0,0.0,0.0,0.0,0.0,0.0,0.0,0.0,0.0,0.0,0.0,0.0
biomass,0.0,5538810000000.0,5105080000000.0,5061460000000.0,5060440000000.0,5052960000000.0,5032480000000.0,4640140000000.0,4612500000000.0,4583210000000.0,4477790000000.0,4475810000000.0,4474570000000.0,4475710000000.0,4479250000000.0,4481130000000.0,4480370000000.0,4480290000000.0,4483250000000.0,4488170000000.0,4494870000000.0,4502960000000.0,4513380000000.0,4526420000000.0,4541420000000.0,4558310000000.0,4575300000000.0
petroleum gasoline,0.0,0.0,0.0,0.0,0.0,0.0,0.0,0.0,0.0,0.0,0.0,0.0,0.0,0.0,0.0,0.0,0.0,0.0,0.0,0.0,0.0,0.0,0.0,0.0,0.0,0.0,0.0
petroleum diesel,0.0,0.0,0.0,0.0,0.0,0.0,0.0,0.0,0.0,0.0,0.0,0.0,0.0,0.0,0.0,0.0,0.0,0.0,0.0,0.0,0.0,0.0,0.0,0.0,0.0,0.0,0.0
biofuel gasoline,0.0,4164320000000.0,4009330000000.0,3920020000000.0,3737480000000.0,3598670000000.0,3423640000000.0,3256300000000.0,3077130000000.0,2883300000000.0,2664510000000.0,2433830000000.0,2175710000000.0,1952660000000.0,1716400000000.0,1468800000000.0,1205680000000.0,931404000000.0,644303000000.0,386812000000.0,137666000000.0,0.0,0.0,0.0,0.0,0.0,0.0
biofuel diesel,0.0,0.0,0.0,0.0,0.0,0.0,0.0,0.0,0.0,0.0,0.0,0.0,0.0,0.0,0.0,0.0,0.0,0.0,0.0,0.0,0.0,0.0,0.0,0.0,0.0,0.0,0.0
jet fuel or kerosene,0.0,0.0,0.0,0.0,0.0,0.0,0.0,0.0,0.0,0.0,0.0,0.0,0.0,0.0,0.0,0.0,0.0,0.0,0.0,0.0,0.0,0.0,0.0,0.0,0.0,0.0,0.0
heat (not used in this variable),0.0,0.0,0.0,0.0,0.0,0.0,0.0,0.0,0.0,0.0,0.0,0.0,0.0,0.0,0.0,0.0,0.0,0.0,0.0,0.0,0.0,0.0,0.0,0.0,0.0,0.0,0.0
geothermal (is not a fuel),0.0,0.0,0.0,0.0,0.0,0.0,0.0,0.0,0.0,0.0,0.0,0.0,0.0,0.0,0.0,0.0,0.0,0.0,0.0,0.0,0.0,0.0,0.0,0.0,0.0,0.0,0.0
lignite,0.0,0.0,0.0,0.0,0.0,0.0,0.0,0.0,0.0,0.0,0.0,0.0,0.0,0.0,0.0,0.0,0.0,0.0,0.0,0.0,0.0,0.0,0.0,0.0,0.0,0.0,0.0
crude oil,0.0,671384000000000.0,676154000000000.0,675469000000000.0,682347000000000.0,689120000000000.0,688249000000000.0,680933000000000.0,676684000000000.0,670883000000000.0,662257000000000.0,661173000000000.0,661060000000000.0,656424000000000.0,657828000000000.0,651351000000000.0,650471000000000.0,648981000000000.0,651927000000000.0,655413000000000.0,658410000000000.0,661938000000000.0,663376000000000.0,664381000000000.0,665021000000000.0,666852000000000.0,669485000000000.0
heavy fuel oil,0.0,0.0,0.0,0.0,0.0,0.0,0.0,0.0,0.0,0.0,0.0,0.0,0.0,0.0,0.0,0.0,0.0,0.0,0.0,0.0,0.0,0.0,0.0,0.0,0.0,0.0,0.0
LPG propane or butane,0.0,0.0,0.0,0.0,0.0,0.0,0.0,0.0,0.0,0.0,0.0,0.0,0.0,0.0,0.0,0.0,0.0,0.0,0.0,0.0,0.0,0.0,0.0,0.0,0.0,0.0,0.0
municipal solid waste,0.0,0.0,0.0,0.0,0.0,0.0,0.0,0.0,0.0,0.0,0.0,0.0,0.0,0.0,0.0,0.0,0.0,0.0,0.0,0.0,0.0,0.0,0.0,0.0,0.0,0.0,0.0
hydrogen,0.0,0.0,0.0,0.0,0.0,0.0,0.0,0.0,0.0,0.0,0.0,0.0,0.0,0.0,0.0,0.0,0.0,0.0,0.0,0.0,0.0,0.0,0.0,0.0,0.0,0.0,0.0
