Policy:,crop and rice measures,Unit: g CO2e,,,,,,,,,,,,,,,,,,,,,,,,,,,,,,,,,,,
Lower Bound,Upper Bound,2015.0,2016.0,2017.0,2018.0,2019.0,2020.0,2021.0,2022.0,2023.0,2024.0,2025.0,2026.0,2027.0,2028.0,2029.0,2030.0,2031.0,2032.0,2033.0,2034.0,2035.0,2036.0,2037.0,2038.0,2039.0,2040.0,2041.0,2042.0,2043.0,2044.0,2045.0,2046.0,2047.0,2048.0,2049.0,2050.0
-1150.0,-1100.0,0.0,0.0,0.0,0.0,0.0,0.0,0.0,0.0,0.0,0.0,0.0,0.0,0.0,0.0,0.0,0.0,54823003.04955757,109646006.09911513,164469009.14867273,219292012.19823027,274115015.24778783,219292012.19823027,164469009.14867273,109646006.09911513,54823003.04955757,0.0,3369036409.4950557,6738072818.990111,10107109228.485168,13476145637.980223,16845182047.475277,13476145637.980223,10107109228.485168,6738072818.990111,3369036409.4950557,0.0
-1100.0,-1050.0,0.0,0.0,0.0,0.0,0.0,0.0,0.0,0.0,0.0,0.0,0.0,0.0,0.0,0.0,0.0,0.0,0.0,0.0,0.0,0.0,0.0,0.0,0.0,0.0,0.0,0.0,0.0,0.0,0.0,0.0,0.0,1120886898.1488044,2241773796.297609,3362660694.4464135,4483547592.595218,5604434490.744022
-1050.0,-1000.0,0.0,0.0,0.0,0.0,0.0,0.0,0.0,0.0,0.0,0.0,0.0,53676089.47839603,107352178.95679206,161028268.43518817,214704357.9135841,268380447.3919802,214704357.9135841,161028268.43518817,107352178.95679206,53676089.47839603,0.0,3339450046.427437,6678900092.854874,10018350139.282312,13357800185.709747,16697250232.137188,13357800185.709747,10018350139.282312,6678900092.854876,3339450046.427438,0.0,17556694314.219654,35113388628.43931,52670082942.658966,70226777256.87862,87783471571.09828
-1000.0,-950.0,0.0,0.0,0.0,0.0,0.0,0.0,0.0,0.0,0.0,0.0,0.0,1024432113.342728,2048864226.685456,3073296340.028184,4097728453.370912,5122160566.71364,7399626297.30451,9677092027.89538,11954557758.486252,14232023489.077122,16509489219.667992,13207591375.734394,9905693531.800797,6603795687.867196,3301897843.933598,0.0,16923650135.42044,33847300270.84088,50770950406.26132,67694600541.68176,84618250677.10222,67694600541.68176,50770950406.26132,33847300270.84089,16923650135.420444,0.0
-950.0,-900.0,0.0,0.0,0.0,0.0,0.0,0.0,54463233.994943686,108926467.98988737,163389701.9848311,217852935.97977474,272316169.97471845,217852935.97977474,163389701.98483106,108926467.98988734,54463233.99494367,0.0,0.0,0.0,0.0,0.0,0.0,566260515.7148681,1132521031.4297361,1698781547.1446042,2265042062.8594723,2831302578.574341,4314629968.038542,5797957357.502742,7281284746.966944,8764612136.431145,10247939525.895346,16807902460.028677,23367865394.162006,29927828328.295334,36487791262.428665,43047754196.56199
-900.0,-850.0,0.0,52543634.73647082,105087269.47294164,157630904.20941243,210174538.94588327,262718173.6823541,210174538.94588327,157630904.20941246,105087269.47294165,52543634.736470826,0.0,0.0,0.0,0.0,0.0,0.0,562096546.3139292,1124193092.6278584,1686289638.9417877,2248386185.255717,2810482731.569646,20835799753.98932,38861116776.409,56886433798.82866,74911750821.24834,92937067843.66801,83327279129.61324,73717490415.55847,64107701701.50371,54497912987.44892,44888124273.39416,36047616636.75172,27207109000.10927,18366601363.466824,9526093726.824375,685586090.1819326
-850.0,-800.0,0.0,0.0,0.0,0.0,0.0,0.0,2143430779.4383116,4286861558.876623,6430292338.314935,8573723117.753246,10717153897.191557,11348128620.830439,11979103344.469316,12610078068.108198,13241052791.747078,13872027515.385956,29224028535.465725,44576029555.545494,59928030575.62527,75280031595.70502,90632032615.7848,81858228435.82762,73084424255.8704,64310620075.913216,55536815895.95602,46763011715.99882,37410409372.79906,28057807029.599293,18705204686.399532,9352602343.199766,0.0,0.0,0.0,0.0,0.0,0.0
-800.0,-750.0,251748973.12707323,2360523879.0126843,4469298784.898295,6578073690.783907,8686848596.66952,10795623502.55513,8636498802.044106,6477374101.533078,4318249401.022052,2159124700.5110254,0.0,0.0,0.0,0.0,0.0,0.0,10301889774.936049,20603779549.872097,30905669324.808147,41207559099.744194,51509448874.680244,41207559099.744194,30905669324.808144,20603779549.872097,10301889774.936049,0.0,142603574.18384618,285207148.36769235,427810722.55153847,570414296.7353847,713017870.9192308,570414296.7353847,427810722.55153847,285207148.3676923,142603574.18384615,0.0
-750.0,-700.0,0.0,0.0,0.0,0.0,0.0,0.0,0.0,0.0,0.0,0.0,0.0,10040755558.409492,20081511116.818985,30122266675.228474,40163022233.63797,50203777792.04746,40163022233.63797,30122266675.228474,20081511116.818985,10040755558.409492,0.0,147360062.938523,294720125.877046,442080188.8155689,589440251.754092,736800314.692615,589440251.754092,442080188.815569,294720125.8770461,147360062.93852305,0.0,434052969.8166684,868105939.6333368,1302158909.4500055,1736211879.2666736,2170264849.083342
-700.0,-650.0,11810659327.860386,9448527462.28831,7086395596.71623,4724263731.144155,2362131865.5720763,0.0,0.0,0.0,0.0,0.0,0.0,0.0,0.0,0.0,0.0,0.0,151636592.26571783,303273184.53143567,454909776.7971535,606546369.0628713,758182961.3285892,606546369.0628713,454909776.7971535,303273184.53143567,151636592.26571783,0.0,441842008.3264564,883684016.6529129,1325526024.9793694,1767368033.3058257,2209210041.632282,1820840344.337086,1432470647.0418894,1044100949.7466935,655731252.4514972,267361555.1563009
-650.0,-600.0,1110128315.261983,888102652.2095864,666076989.1571898,444051326.1047932,222025663.0523966,0.0,11475915623.560324,22951831247.120647,34427746870.68097,45903662494.241295,57379578117.80161,45903662494.241295,34427746870.68097,22951831247.120644,11475915623.560322,0.0,0.0,0.0,0.0,0.0,0.0,448266063.9885994,896532127.9771988,1344798191.9657981,1793064255.9543977,2241330319.942997,1846836127.0474603,1452341934.151924,1057847741.2563872,663353548.3608507,268859355.46531385,215087484.3722511,161315613.2791883,107543742.18612556,53771871.09306278,0.0
-600.0,-550.0,200881045.1637029,160704836.13096234,120528627.09822176,80352418.06548117,40176209.03274059,0.0,0.0,0.0,0.0,0.0,0.0,884791623.669182,1769583247.338364,2654374871.0075455,3539166494.676728,4423958118.34591,4047505254.791592,3671052391.2372737,3294599527.6829557,2918146664.1286387,2541693800.574321,2087245806.7004292,1632797812.8265374,1178349818.9526463,723901825.0787544,269453831.2048631,215563064.96389043,161672298.72291785,107781532.48194525,53890766.24097262,0.0,260486560.69282115,520973121.3856423,781459682.0784634,1041946242.7712846,1302432803.4641058
-550.0,-500.0,0.0,13515911103.54006,27031822207.08012,40547733310.620186,54063644414.16024,67579555517.7003,54063644414.16024,40547733310.620186,27031822207.08012,13515911103.54006,0.0,40996674.430683196,81993348.86136639,122990023.29204954,163986697.72273278,204983372.15341595,163986697.72273278,122990023.29204956,81993348.8613664,40996674.4306832,0.0,0.0,0.0,0.0,0.0,0.0,268447717.7995203,536895435.5990406,805343153.3985611,1073790871.1980813,1342238588.9976017,1073790871.1980813,805343153.398561,536895435.5990406,268447717.7995203,0.0
-500.0,-450.0,0.0,183644646.6499578,367289293.2999156,550933939.9498733,734578586.5998312,918223233.2497888,777302719.8987415,636382206.547694,495461693.1966466,354541179.8455993,213620666.49455193,22992326222.39609,45771031778.29763,68549737334.19918,91328442890.10071,114107148446.00227,91285718756.8018,68464289067.60135,45642859378.400894,22821429689.200447,0.0,274890979.64262825,549781959.2852565,824672938.9278848,1099563918.570513,1374454898.2131412,1099563918.570513,824672938.9278848,549781959.2852565,274890979.64262825,0.0,0.0,0.0,0.0,0.0,0.0
-450.0,-400.0,73726464254.32416,59918131978.75562,46109799703.18709,32301467427.618538,18493135152.050007,4684802876.481468,4755717483.439962,4826632090.398457,4897546697.356951,4968461304.315446,5039375911.273939,4031500729.0191517,3023625546.7643642,2015750364.5095754,1007875182.2547877,0.0,280318308.2158582,560636616.4317164,840954924.6475747,1121273232.863433,1401591541.079291,1121273232.863433,840954924.6475748,560636616.4317166,280318308.2158583,0.0,0.0,0.0,0.0,0.0,0.0,0.0,0.0,0.0,0.0,0.0
-400.0,-350.0,26147604.481873743,319716184.597245,613284764.7126162,906853344.8279873,1200421924.9433587,1493990505.05873,1568591647.4083817,1643192789.7580335,1717793932.1076853,1792395074.4573371,1866996216.8069892,1787597149.3427122,1708198081.878435,1628799014.4141579,1549399946.9498806,1470000879.4856033,1176000703.5884829,882000527.6913621,588000351.7942413,294000175.89712065,0.0,0.0,0.0,0.0,0.0,0.0,3507056518.552803,7014113037.105606,10521169555.65841,14028226074.211212,17535282592.764015,17501284140.716076,17467285688.668144,17433287236.620205,17399288784.572266,17365290332.52433
-350.0,-300.0,30797477959.304405,24637982367.443527,18478486775.582645,12318991183.721767,6159495591.860884,0.0,856169461.4214581,1712338922.8429163,2568508384.2643743,3424677845.6858325,4280847307.1072907,3424677845.6858325,2568508384.2643743,1712338922.8429163,856169461.4214581,0.0,3459702763.512874,6919405527.025748,10379108290.538624,13838811054.051497,17298513817.564373,17355689913.781937,17412866009.999508,17470042106.21707,17527218202.43464,17584394298.652203,14067515438.921762,10550636579.191322,7033757719.460882,3516878859.730441,0.0,4527485611.808496,9054971223.616993,13582456835.425491,18109942447.233986,22637428059.04248
-300.0,-250.0,6179836776.017898,4949159005.397147,3718481234.7763968,2487803464.155647,1257125693.5348964,26447922.914146144,30955366286.087036,61884284649.259926,92813203012.43285,123742121375.60571,154671039738.7786,123792888579.84474,92914737420.91089,62036586261.97703,31158435103.043186,280283944.1093427,282591482.21042377,284899020.3115048,287206558.4125858,289514096.5136668,291821634.6147478,5095551183.373016,9899280732.131287,14703010280.889553,19506739829.64782,24310469378.406094,24161842836.10377,24013216293.801453,23864589751.49913,23715963209.1968,23567336666.89448,19072877425.22242,14578418183.550344,10083958941.878271,5589499700.2062025,1095040458.534131
-250.0,-200.0,1921962474.9885018,38709840912.42299,75497719349.85747,112285597787.29196,149073476224.72644,185861354662.16092,148689083729.72876,111516812797.29654,74344541864.86436,37172270932.43218,0.0,4779131079.390478,9558262158.780956,14337393238.171434,19116524317.561913,23895655396.952393,24125386753.633698,24355118110.315006,24584849466.996307,24814580823.677612,25044312180.358917,20256291545.30871,15468270910.258493,10680250275.208277,5892229640.158064,1104209005.1078517,1188838325.758347,1273467646.4088423,1358096967.0593374,1442726287.7098327,1527355608.3603277,1312898784.7361808,1098441961.112034,883985137.4878869,669528313.8637398,455071490.23959297
-200.0,-150.0,177364237613.70187,141894277610.40842,106424317607.11494,70954357603.82147,35484397600.528,14437597.234522715,11550077.787618171,8662558.34071363,5775038.893809085,2887519.446904542,0.0,6011122826.263261,12022245652.526522,18033368478.78978,24044491305.053043,30055614131.316307,24351897156.81238,18648180182.308453,12944463207.804522,7240746233.300597,1537029258.796671,1322578754.136126,1108128249.4755807,893677744.8150358,679227240.1544908,464776735.4939458,1483681164.7162912,2502585593.9386363,3521490023.1609817,4540394452.383327,5559298881.605672,5516987448.165407,5474676014.725141,5432364581.284876,5390053147.844609,5347741714.404344
-150.0,-100.0,6145964523.048541,5182157142.631696,4218349762.21485,3254542381.7980056,2290735001.38116,1326927620.9643137,5661527009.726015,9996126398.487713,14330725787.249416,18665325176.011116,22999924564.772816,18399939651.818253,13799954738.863691,9199969825.909128,4599984912.954565,0.0,1254611107.7630053,2509222215.5260105,3763833323.2890153,5018444431.052021,6273055538.815026,6239011786.748386,6204968034.6817465,6170924282.615107,6136880530.548467,6102836778.481826,4953074016.574096,3803311254.666365,2653548492.758634,1503785730.850903,354022968.9431722,352236566.1619518,350450163.3807313,348663760.5995108,346877357.8182903,345090955.0370698
-100.0,-90.0,1467463647.599522,7605411465.190677,13743359282.781834,19881307100.37299,26019254917.964146,32157202735.5553,25725762188.44424,19294321641.33318,12862881094.222118,6431440547.111059,0.0,0.0,0.0,0.0,0.0,0.0,0.0,0.0,0.0,0.0,0.0,0.0,0.0,0.0,0.0,0.0,0.0,0.0,0.0,0.0,0.0,0.0,0.0,0.0,0.0,0.0
-90.0,-80.0,0.0,4403375010.282877,8806750020.565754,13210125030.84863,17613500041.131508,22016875051.41439,18376202199.499268,14735529347.584154,11094856495.669039,7454183643.753924,3813510791.8388104,4591122723.663991,5368734655.489173,6146346587.314354,6923958519.139535,7701570450.964717,6161256360.771773,4620942270.578831,3080628180.385886,1540314090.192943,0.0,0.0,0.0,0.0,0.0,0.0,0.0,0.0,0.0,0.0,0.0,803542736.513617,1607085473.027234,2410628209.540851,3214170946.054468,4017713682.568085
-80.0,-70.0,0.0,0.0,0.0,0.0,0.0,0.0,11898784569.736645,23797569139.47329,35696353709.20993,47595138278.94658,59493922848.68322,47595138278.94658,35696353709.20993,23797569139.473286,11898784569.736643,0.0,0.0,0.0,0.0,0.0,0.0,839237272.0955024,1678474544.1910048,2517711816.286507,3356949088.3820095,4196186360.477512,4772495480.705647,5348804600.933783,5925113721.161918,6501422841.390053,7077731961.618188,6226995433.056612,5376258904.495034,4525522375.933458,3674785847.371882,2824049318.810305
-70.0,-60.0,0.0,0.0,0.0,0.0,0.0,0.0,0.0,0.0,0.0,0.0,0.0,0.0,0.0,0.0,0.0,0.0,852067694.6571836,1704135389.3143673,2556203083.971551,3408270778.6287346,4260338473.285918,4022794562.852168,3785250652.4184184,3547706741.984668,3310162831.550917,3072618921.1171675,2458095136.893734,1843571352.6703005,1229047568.446867,614523784.2234336,0.0,0.0,0.0,0.0,0.0,0.0
-60.0,-50.0,35069178861.27505,28055343089.020042,21041507316.76503,14027671544.510017,7013835772.255009,0.0,96869516.92145362,193739033.84290725,290608550.76436085,387478067.6858145,484347584.6072681,387478067.6858145,290608550.76436085,193739033.8429072,96869516.9214536,0.0,636299344.6664977,1272598689.3329954,1908898033.9994934,2545197378.665991,3181496723.3324885,3013369587.03211,2845242450.731732,2677115314.4313536,2508988178.130975,2340861041.830596,2328420032.1750755,2315979022.5195546,2303538012.864033,2291097003.2085123,2278655993.552992,2264178348.3285794,2249700703.104167,2235223057.8797545,2220745412.6553416,2206267767.4309297
-50.0,-40.0,6620997922.790431,6668969846.973745,6716941771.157061,6764913695.340375,6812885619.523689,6860857543.707005,6021192923.246325,5181528302.785645,4341863682.324965,3502199061.8642845,2662534441.403604,2618624386.042961,2574714330.682317,2530804275.321674,2486894219.96103,2442984164.6003866,2433720325.5084515,2424456486.4165154,2415192647.3245797,2405928808.232644,2396664969.1407084,1917331975.3125665,1437998981.484425,958665987.6562831,479332993.82814157,0.0,0.0,0.0,0.0,0.0,0.0,0.0,0.0,0.0,0.0,0.0
-40.0,-30.0,0.0,1144711948.8620145,2289423897.724029,3434135846.5860443,4578847795.448058,5723559744.310073,4578847795.448058,3434135846.586044,2289423897.724029,1144711948.8620145,0.0,52854854380.82873,105709708761.65746,158564563142.4862,211419417523.3149,264274271904.14365,211419417523.3149,158564563142.48618,105709708761.65742,52854854380.82871,0.0,0.0,0.0,0.0,0.0,0.0,0.0,0.0,0.0,0.0,0.0,0.0,0.0,0.0,0.0,0.0
-30.0,-20.0,20956565531.899868,16765252425.519892,12573939319.139921,8382626212.759949,4191313106.3799744,0.0,0.0,0.0,0.0,0.0,0.0,0.0,0.0,0.0,0.0,0.0,0.0,0.0,0.0,0.0,0.0,0.0,0.0,0.0,0.0,0.0,0.0,0.0,0.0,0.0,0.0,0.0,0.0,0.0,0.0,0.0
-20.0,-10.0,156023591817.30972,136144548358.29237,116265504899.27502,96386461440.25766,76507417981.24031,56628374522.222946,100262016954.2855,143895659386.34805,187529301818.41058,231162944250.4732,274796586682.53577,230352301556.80484,185908016431.07382,141463731305.34283,97019446179.6119,52575161053.880905,52375989402.17791,52176817750.47491,51977646098.77191,51778474447.06891,51579302795.36591,51339036332.909424,51098769870.45294,50858503407.99645,50618236945.53996,50377970483.08347,50110332221.26977,49842693959.456055,49575055697.64234,49307417435.82862,49039779174.014915,48728172891.45917,48416566608.90343,48104960326.34768,47793354043.79194,47481747761.2362
-10.0,0.0,32241304130.7775,27637526712.436684,23033749294.095863,18429971875.755043,13826194457.414227,9222417039.073408,7377933631.258727,5533450223.444045,3688966815.6293626,1844483407.8146813,0.0,96263373.3185784,192526746.6371568,288790119.95573527,385053493.2743136,481316866.5928921,385053493.2743136,288790119.95573527,192526746.6371568,96263373.3185784,0.0,0.0,0.0,0.0,0.0,0.0,0.0,0.0,0.0,0.0,0.0,0.0,0.0,0.0,0.0,0.0
0.0,0.0,0.0,0.0,0.0,0.0,0.0,0.0,0.0,0.0,0.0,0.0,0.0,0.0,0.0,0.0,0.0,0.0,49868642333.68137,99737284667.36275,149605927001.04413,199474569334.7255,249343211668.40686,249987454438.06265,250631697207.7185,251275939977.3743,251920182747.03015,252564425516.68594,253088778709.14743,253613131901.60895,254137485094.07037,254661838286.5319,255186191478.99335,255354632894.31354,255523074309.63373,255691515724.95392,255859957140.2741,256028398555.59427
0.1,10.0,16413026067.383543,14344644979.162296,12276263890.941048,10207882802.7198,8139501714.498551,6071120626.277303,7103622977.429459,8136125328.5816145,9168627679.73377,10201130030.885925,11233632382.03808,10396473366.129362,9559314350.220644,8722155334.311926,7884996318.403207,7047837302.494489,7021139757.147105,6994442211.799722,6967744666.452337,6941047121.104954,6914349575.757569,6882135737.766223,6849921899.774878,6817708061.78353,6785494223.792184,6753280385.800837,6717400465.050081,6681520544.299325,6645640623.548572,6609760702.797816,6573880782.047061,6532112150.83182,6490343519.616578,6448574888.401338,6406806257.186096,6365037625.970856
10.0,20.0,26151620275.37179,28772118337.09041,31392616398.809017,34013114460.527634,36633612522.246254,39254110583.96487,39548597699.41392,39843084814.862976,40137571930.31204,40432059045.76109,40726546161.21015,40796851156.18095,40867156151.15173,40937461146.12253,41007766141.093315,41078071136.0641,40922471491.42711,40766871846.79012,40611272202.153114,40455672557.51612,40300072912.879135,40112340818.06841,39924608723.25771,39736876628.44699,39549144533.63629,39361412438.82557,39152312958.27212,38943213477.71866,38734113997.16521,38525014516.611755,38315915036.058304,38072437174.41549,37828959312.772675,37585481451.12987,37342003589.48705,37098525727.84425
20.0,30.0,9891771955.373367,42765137454.75514,75638502954.13692,108511868453.51869,141385233952.90048,174258599452.28226,140565858299.79233,106873117147.30237,73180375994.81242,39487634842.32248,5794893689.832533,7911696378.329574,10028499066.826614,12145301755.323654,14262104443.820694,16378907132.317738,15627750186.514977,14876593240.712215,14125436294.909454,13374279349.106697,12623122403.303934,12564315765.186897,12505509127.069862,12446702488.952827,12387895850.835793,12329089212.718756,11242929214.140642,10156769215.562529,9070609216.984413,7984449218.4063,6898289219.828187,6854449009.066939,6810608798.305691,6766768587.544443,6722928376.783195,6679088166.021948
30.0,40.0,982011815.973788,785609452.7790304,589207089.5842729,392804726.38951504,196402363.19475752,0.0,2032350075.956576,4064700151.913152,6097050227.869729,8129400303.826304,10161750379.78288,8759130787.764242,7356511195.7456,5953891603.726959,4551272011.708319,3148652419.6896772,3136723473.698669,3124794527.7076607,3112865581.7166524,3100936635.725644,3089007689.7346363,3074611551.553598,3060215413.372561,3045819275.1915226,3031423137.010485,3017026998.8294473,4021662958.9483995,5026298919.067353,6030934879.186305,7035570839.305257,8040206799.424211,7989127722.6959505,7938048645.967692,7886969569.239432,7835890492.511174,7784811415.782915
40.0,50.0,14949989162.690199,13439747345.440075,11929505528.189949,10419263710.939825,8909021893.689701,7398780076.439578,5919024061.151662,4439268045.863747,2959512030.5758314,1479756015.2879157,0.0,1858502099.0172036,3717004198.034407,5575506297.051611,7434008396.068814,9292510495.086018,9257305695.441338,9222100895.796658,9186896096.151978,9151691296.507296,9116486496.862616,7293189197.490092,5469891898.117569,3646594598.745046,1823297299.372523,0.0,0.0,0.0,0.0,0.0,0.0,0.0,0.0,0.0,0.0,0.0
50.0,60.0,0.0,1238861753.5008154,2477723507.001631,3716585260.5024467,4955447014.003262,6194308767.504077,6976973789.179931,7759638810.855784,8542303832.531638,9324968854.20749,10107633875.883345,8086107100.706676,6064580325.530006,4043053550.353338,2021526775.176669,0.0,0.0,0.0,0.0,0.0,0.0,1780830222.1632702,3561660444.3265405,5342490666.489811,7123320888.653081,8904151110.816349,8856854481.158346,8809557851.500345,8762261221.842342,8714964592.18434,8667667962.526337,8612585502.61451,8557503042.7026825,8502420582.7908535,8447338122.879026,8392255662.967198
60.0,70.0,25421977677.280087,25804762109.847454,26187546542.414818,26570330974.982185,26953115407.549553,27335899840.116917,22519468507.938503,17703037175.76009,12886605843.581675,8070174511.403263,3253743179.2248526,3371135367.6037683,3488527555.9826837,3605919744.3616,3723311932.7405157,3840704121.119431,3826145023.045159,3811585924.9708867,3797026826.8966136,3782467728.8223414,3767908630.7480683,3750358560.1817684,3732808489.6154675,3715258419.049167,3697708348.4828672,3680158277.916567,3660606504.9197774,3641054731.922988,3621502958.9261985,3601951185.9294095,3582399412.9326205,2991458293.5166836,2400517174.100747,1809576054.6848114,1218634935.2688754,627693815.8529389
70.0,80.0,16609417505.166056,15008684790.815426,13407952076.464798,11807219362.11417,10206486647.76354,8605753933.412912,10446484874.008663,12287215814.604412,14127946755.200163,15968677695.795912,17809408636.391663,19423920203.134228,21038431769.87679,22652943336.61935,24267454903.361916,25881966470.10448,25582940951.43526,25283915432.76605,24984889914.096836,24685864395.42762,24386838876.758404,24273228983.707912,24159619090.65743,24046009197.606937,23932399304.556454,23818789411.50597,23692249986.79742,23565710562.088867,23439171137.38032,23312631712.671772,23186092287.963226,20468696322.761116,17751300357.559006,15033904392.356894,12316508427.154785,9599112461.952677
80.0,90.0,0.0,455731198.7105983,911462397.4211966,1367193596.1317947,1822924794.8423932,2278655993.552992,6289898493.780125,10301140994.007257,14312383494.23439,18323625994.461525,22334868494.68866,19487143504.16406,16639418513.639463,13791693523.114862,10943968532.590263,8096243542.065668,7806046038.257807,7515848534.449947,7225651030.642087,6935453526.834228,6645256023.026368,5984910821.597777,5324565620.169186,4664220418.740596,4003875217.312005,3343530015.883414,2909899343.596522,2476268671.3096294,2042637999.0227368,1609007326.7358441,1175376654.4489512,4306153062.108446,7436929469.767939,10567705877.427435,13698482285.08693,16829258692.746426
90.0,100.0,20146894506.240047,18882626963.96489,17618359421.689735,16354091879.414574,15089824337.139416,13825556794.864258,14434315733.31624,15043074671.76822,15651833610.220205,16260592548.672182,16869351487.124165,16718674661.971577,16567997836.818993,16417321011.666409,16266644186.513826,16115967361.361242,13764120210.59934,11412273059.83744,9060425909.07554,6708578758.313642,4356731607.551743,4963609770.977878,5570487934.404014,6177366097.830151,6784244261.256285,7391122424.68242,7601532250.183834,7811942075.6852455,8022351901.186655,8232761726.688067,8443171552.189479,7989302399.226671,7535433246.263866,7081564093.301059,6627694940.338252,6173825787.375446
100.0,150.0,43274818620.70025,45203221788.75934,47131624956.818436,49060028124.87752,50988431292.93661,52916834460.995705,51903796815.54254,50890759170.08938,49877721524.63623,48864683879.183075,47851646233.72991,44433918643.748566,41016191053.76722,37598463463.785866,34180735873.80452,30763008283.823177,31658430138.463276,32553851993.10337,33449273847.743473,34344695702.383568,35240117557.02367,35075952226.64378,34911786896.26389,34747621565.88401,34583456235.50412,34419290905.12424,34400378171.19264,34381465437.26105,34362552703.32945,34343639969.397858,34324727235.46627,33800816912.392082,33276906589.317894,32752996266.243713,32229085943.169525,31705175620.095337
150.0,200.0,26056454556.43089,23359682902.61965,20662911248.808414,17966139594.997177,15269367941.185938,12572596287.3747,11878619635.077074,11184642982.77945,10490666330.481823,9796689678.184198,9102713025.886572,14698533765.306276,20294354504.72598,25890175244.145683,31485995983.56539,37081816722.98509,36312782838.44309,35543748953.9011,34774715069.35909,34005681184.8171,33236647300.275097,27168202266.66419,21099757233.05328,15031312199.44237,8962867165.831457,2894422132.2205424,2870005431.282058,2845588730.3435736,2821172029.4050894,2796755328.4666047,2772338627.52812,3458396840.7555737,4144455053.983028,4830513267.210481,5516571480.437935,6202629693.665387
200.0,250.0,23559619666.46655,25243017600.528683,26926415534.590813,28609813468.65294,30293211402.715065,31976609336.7772,31297908026.374912,30619206715.972637,29940505405.57036,29261804095.16808,28583102784.7658,30027354386.831135,31471605988.896473,32915857590.961807,34360109193.02714,35804360795.092476,39142678869.10026,42480996943.10804,45819315017.11582,49157633091.123604,52495951165.13138,56506432869.727936,60516914574.324486,64527396278.92105,68537877983.51761,72548359688.11415,72422794095.7676,72297228503.42102,72171662911.07445,72046097318.72786,71920531726.3813,61015112963.37325,50109694200.3652,39204275437.357155,28298856674.349094,17393437911.341038
250.0,300.0,649912610.8120599,2662404721.1014895,4674896831.39092,6687388941.680349,8699881051.969778,10712373162.25921,10686589362.89382,10660805563.528433,10635021764.163042,10609237964.797653,10583454165.432264,10764633917.697142,10945813669.962015,11126993422.22689,11308173174.491764,11489352926.75664,11840624958.80859,12191896990.860544,12543169022.912497,12894441054.964447,13245713087.0164,13037859677.90462,12830006268.792841,12622152859.68106,12414299450.56928,12206446041.457502,12154628177.084238,12102810312.710976,12050992448.337713,11999174583.964449,11947356719.591187,20748794496.927673,29550232274.264156,38351670051.60065,47153107828.93713,55954545606.27361
300.0,350.0,0.0,144171154.06004664,288342308.1200933,432513462.18013984,576684616.2401866,720855770.3002331,2824575646.207408,4928295522.114584,7032015398.021759,9135735273.928934,11239455149.836111,9247506316.055153,7255557482.274198,5263608648.493241,3271659814.712284,1279710980.9313283,1023768784.7450627,767826588.558797,511884392.37253124,255942196.18626562,0.0,2038134431.392673,4076268862.785346,6114403294.178019,8152537725.570692,10190672156.963364,10108956490.242647,10027240823.521929,9945525156.80121,9863809490.080492,9782093823.359776,9645254596.367071,9508415369.374369,9371576142.381662,9234736915.38896,9097897688.396255
350.0,400.0,191924930.38628387,247411801.25896266,302898672.13164145,358385543.00432026,413872413.876999,469359284.7496778,524557141.6181596,579754998.4866414,634952855.355123,690150712.2236047,745348569.0920866,713089146.227374,680829723.3626614,648570300.4979486,616310877.633236,584051454.7685233,832941048.091545,1081830641.4145665,1330720234.7375882,1579609828.0606093,1828499421.383631,1819968788.0048728,1811438154.626115,1802907521.247357,1794376887.868599,1785846254.489841,1776372946.6319168,1766899638.7739923,1757426330.9160678,1747953023.0581434,1738479715.200219,3603630978.893374,5468782242.586529,7333933506.279683,9199084769.97284,11064236033.665993
400.0,450.0,0.0,42035946.136883594,84071892.27376719,126107838.41065077,168143784.54753438,210179730.68441796,180672907.43564978,151166084.18688157,121659260.93811339,92152437.68934523,62645614.44057705,112029283.69896372,161412952.9573504,210796622.21573702,260180291.4741237,309563960.7325104,372952482.87990636,436341005.0273023,499729527.1746983,563118049.3220944,626506571.4694904,577767435.1436654,529028298.81784046,480289162.49201554,431550026.1661907,382810889.8403657,382651121.94504046,382491354.0497152,382331586.15439,382171818.2590647,382012050.3637395,305609640.29099166,229207230.2182437,152804820.14549583,76402410.07274789,0.0
450.0,500.0,6695220924.484557,6879885850.724124,7064550776.963689,7249215703.203256,7433880629.4428215,7618545555.682388,6278982267.383643,4939418979.084898,3599855690.7861524,2260292402.487408,920729114.1886635,812488985.3620132,704248856.5353631,596008727.7087128,487768598.8820626,379528470.05541253,303622776.04433,227717082.0332475,151811388.022165,75905694.0110825,0.0,48714998.53518722,97429997.07037444,146144995.60556167,194859994.1407489,243574992.67593613,194859994.1407489,146144995.60556167,97429997.07037447,48714998.53518724,0.0,75985705.31350034,151971410.6270007,227957115.94050112,303942821.2540014,379928526.56750184
500.0,550.0,44305190559.82883,35472917048.27553,26640643536.722233,17808370025.168938,8976096513.615637,143823002.06233653,2143532514.2103622,4143242026.358389,6142951538.506414,8142661050.654439,10142370562.802465,9779620659.044624,9416870755.286781,9054120851.52894,8691370947.771097,8328621044.013256,8154885434.613171,7981149825.213083,7807414215.812996,7633678606.4129095,7459942997.012824,5967954397.610259,4475965798.207695,2983977198.8051295,1491988599.4025648,0.0,48566790.11615927,97133580.23231854,145700370.34847778,194267160.46463707,242833950.58079633,194267160.46463707,145700370.3484778,97133580.23231855,48566790.116159275,0.0
550.0,600.0,30426397641.455963,24487602582.354374,18548807523.25278,12610012464.151188,6671217405.0496,732422345.9480115,665012260.0483125,597602174.1486137,530192088.24891466,462782002.34921575,395371916.4495169,565368365.8477648,735364815.2460128,905361264.6442609,1075357714.0425088,1245354163.4407568,1341921036.6895244,1438487909.9382923,1535054783.1870606,1631621656.4358282,1728188529.684596,3223779675.3720574,4719370821.059518,6214961966.746979,7710553112.434441,9206144258.1219,9132436113.767834,9058727969.413769,8985019825.059706,8911311680.705637,8837603536.351572,7204930693.7657385,5572257851.179905,3939585008.5940714,2306912166.0082374,674239323.4224044
600.0,650.0,2699976549.7760267,16612606880.108786,30525237210.441544,44437867540.77431,58350497871.10706,72263128201.43982,58021964048.35135,43780799895.26288,29539635742.174416,15298471589.085945,1057307435.9974726,1540361658.5488813,2023415881.1002898,2506470103.6516986,2989524326.2031074,3472578548.754516,13639859698.97838,23807140849.202244,33974421999.42611,44141703149.64998,54308984299.87385,53942984682.116066,53576985064.35829,53210985446.60051,52844985828.842735,52478986211.08495,42055769587.380104,31632552963.67525,21209336339.9704,10786119716.265553,362903092.5607021,2030554719.3909023,3698206346.221102,5365857973.051302,7033509599.881502,8701161226.711702
650.0,700.0,2576705627.958333,2504830104.9842377,2432954582.010142,2361079059.036045,2289203536.0619497,2217328013.0878544,17341229935.64274,32465131858.197613,47589033780.7525,62712935703.30738,77836837625.86226,62421752722.306465,47006667818.750656,31591582915.19486,16176498011.639063,761413108.0832723,6130422990.069556,11499432872.055841,16868442754.042124,22237452636.028408,27606462518.01469,22967486526.186417,18328510534.35814,13689534542.529865,9050558550.70159,4411582558.873315,15000661739.297705,25589740919.72209,36178820100.146484,46767899280.57088,57356978460.99526,45885582768.79621,34414187076.59716,22942791384.398106,11471395692.19905,0.0
700.0,750.0,0.0,0.0,0.0,0.0,0.0,0.0,0.0,0.0,0.0,0.0,0.0,4839637471.297121,9679274942.594242,14518912413.891363,19358549885.188484,24198187356.4856,19503714330.468723,14809241304.451849,10114768278.434973,5420295252.418095,725822226.4012178,5520135137.457981,10314448048.514744,15108760959.571508,19903073870.628273,24697386781.685036,24499346517.111763,24301306252.538486,24103265987.965218,23905225723.39194,23707185458.81867,30452430476.94852,37197675495.07837,43942920513.20821,50688165531.338066,57433410549.46791
750.0,800.0,39935863.512788154,31948690.81023052,23961518.107672893,15974345.405115262,7987172.702557631,0.0,137421731.38526762,274843462.77053523,412265194.1558028,549686925.5410705,687108656.9263381,549686925.5410705,412265194.1558028,274843462.7705353,137421731.38526765,0.0,24602619.236031264,49205238.47206253,73807857.70809379,98410476.94412506,123013096.18015634,243770192.28998297,364527288.3998096,485284384.50963634,606041480.619463,726798576.7292897,726356346.8254752,725914116.9216608,725471887.0178463,725029657.1140319,724587427.2102175,5126712388.247567,9528837349.284918,13930962310.322268,18333087271.359615,22735212232.39697
800.0,850.0,693068182.0541087,562076996.0041534,431085809.95419806,300094623.9042427,169103437.85428733,38112251.80433192,30489801.443465535,22867351.082599152,15244900.72173277,7622450.360866385,0.0,7931005743.743251,15862011487.486502,23793017231.229755,31724022974.973003,39655028718.716255,31724022974.973003,23793017231.22975,15862011487.486498,7931005743.743249,0.0,24381019.25218451,48762038.50436902,73143057.75655355,97524077.00873804,121905096.26092255,97524077.00873804,73143057.75655355,48762038.50436901,24381019.252184507,0.0,144283995.79256904,288567991.5851381,432851987.3777071,577135983.1702762,721419978.9628452
850.0,900.0,5779943217.046935,4729512752.221322,3679082287.3957086,2628651822.570095,1578221357.7444818,527790892.9188681,509864161.17998815,491937429.441108,474010697.70222795,456083965.963348,438157234.22446793,350525787.3795743,262894340.53468075,175262893.68978715,87631446.8448936,0.0,268132536.45762932,536265072.91525865,804397609.372888,1072530145.8305173,1340662682.2881465,1072530145.8305173,804397609.372888,536265072.91525865,268132536.45762932,0.0,24091349.506482333,48182699.012964666,72274048.519447,96365398.02592933,120456747.53241168,96365398.02592933,72274048.519447,48182699.01296467,24091349.506482337,0.0
900.0,950.0,0.0,351989050.8402476,703978101.6804951,1055967152.5207427,1407956203.3609903,1759945254.2012377,1407956203.3609903,1055967152.5207427,703978101.6804951,351989050.84024745,0.0,112127254.73154886,224254509.46309772,336381764.19464666,448509018.92619544,560636273.6577444,448509018.92619544,336381764.1946466,224254509.4630977,112127254.73154885,0.0,118931309.88666523,237862619.77333045,356793929.65999573,475725239.5466609,594656549.4333262,487784699.7747409,380912850.1161556,274041000.4575702,167169150.79898486,60297301.140399516,71842527.25377654,83387753.36715357,94932979.4805306,106478205.59390764,118023431.70728466
950.0,1000.0,0.0,0.0,0.0,0.0,0.0,0.0,17752173.0790515,35504346.158103,53256519.23715448,71008692.316206,88760865.39525747,74223692.66145858,59686519.927659675,45149347.19386076,30612174.46006186,16075001.726262959,12860001.381010368,9645001.035757776,6430000.690505183,3215000.345252592,0.0,145416900.34065062,290833800.68130124,436250701.0219519,581667601.3626025,727084501.7032531,688331620.254125,649578738.8049968,610825857.3558687,572072975.9067404,533320094.4576123,438433152.3662746,343546210.274937,248659268.18359932,153772326.09226164,58885384.000923954
1000.0,1050.0,49508266.91869213,39606613.534953706,29704960.15121527,19803306.76747685,9901653.383738425,0.0,0.0,0.0,0.0,0.0,0.0,358690560.35286987,717381120.7057397,1076071681.0586095,1434762241.4114795,1793452801.764349,1437883532.7052238,1082314263.6460984,726744994.5869731,371175725.5278478,15606456.468722604,15568260.880844364,15530065.292966122,15491869.705087883,15453674.117209641,15415478.529331403,12332382.82346512,9249287.11759884,6166191.411732559,3083095.70586628,0.0,106278952.30509502,212557904.61019003,318836856.9152851,425115809.22038007,531394761.5254751
1050.0,1100.0,464997194.70434505,374685416.4784178,284373638.2524907,194061860.02656356,103750081.80063638,13438303.57470925,10750642.8597674,8062982.144825549,5375321.4298837,2687660.71494185,0.0,0.0,0.0,0.0,0.0,0.0,0.0,0.0,0.0,0.0,0.0,0.0,0.0,0.0,0.0,0.0,144233483.03533956,288466966.0706791,432700449.1060188,576933932.1413583,721167415.176698,576933932.1413583,432700449.10601884,288466966.0706792,144233483.03533962,0.0
1100.0,1150.0,12957015.220677387,10365612.176541911,7774209.132406432,5182806.088270955,2591403.044135478,0.0,1136625344.6116974,2273250689.223395,3409876033.8350925,4546501378.44679,5683126723.058488,4640421411.73613,3597716100.413772,2555010789.091414,1512305477.769056,469600166.44669825,375680133.1573586,281760099.8680189,187840066.5786793,93920033.28933965,0.0,0.0,0.0,0.0,0.0,0.0,0.0,0.0,0.0,0.0,0.0,2966017.734184074,5932035.468368149,8898053.202552224,11864070.936736299,14830088.670920374
1150.0,1200.0,0.0,864734031.1166924,1729468062.2333848,2594202093.350077,3458936124.4667697,4323670155.583463,3462198479.7809978,2600726803.9785333,1739255128.1760685,877783452.3736038,16311776.571138622,891841281.1150004,1767370785.658862,2642900290.2027235,3518429794.7465854,4393959299.290447,3515167439.4323583,2636375579.574269,1757583719.7161794,878791859.8580897,0.0,0.0,0.0,0.0,0.0,0.0,0.0,0.0,0.0,0.0,0.0,136214397.4665946,272428794.9331892,408643192.39978385,544857589.8663784,681071987.3329732
1200.0,1250.0,0.0,237318487.09756956,474636974.1951391,711955461.2927086,949273948.3902782,1186592435.487848,1031861930.1523833,877131424.8169185,722400919.4814538,567670414.1459892,412939908.8105244,666237705.4389883,919535502.0674523,1172833298.6959162,1426131095.3243804,1679428891.9528441,2169066218.6428385,2658703545.332833,3148340872.022828,3637978198.712822,4127615525.4028172,3302092420.322253,2476569315.24169,1651046210.161127,825523105.0805635,0.0,0.0,0.0,0.0,0.0,0.0,0.0,0.0,0.0,0.0,0.0
1250.0,1300.0,0.0,0.0,0.0,0.0,0.0,0.0,0.0,0.0,0.0,0.0,0.0,0.0,0.0,0.0,0.0,0.0,352021223.83529794,704042447.6705959,1056063671.5058937,1408084895.3411918,1760106119.1764898,2217714560.5120206,2675323001.8475504,3132931443.183081,3590539884.518612,4048148325.854142,4029257681.1983986,4010367036.542654,3991476391.88691,3972585747.231166,3953695102.5754223,3162956082.0603375,2372217061.5452533,1581478041.0301688,790739020.5150844,0.0
1300.0,1350.0,815989989.2618246,727918068.3829341,639846147.5040436,551774226.6251531,463702305.7462626,375630384.86737204,583923720.6586614,792217056.4499508,1000510392.2412401,1208803728.0325296,1417097063.823819,1133677651.0590553,850258238.2942914,566838825.5295277,283419412.76476383,0.0,0.0,0.0,0.0,0.0,0.0,0.0,0.0,0.0,0.0,0.0,0.0,0.0,0.0,0.0,0.0,767371384.7279977,1534742769.4559953,2302114154.183993,3069485538.9119906,3836856923.639989
1350.0,1400.0,0.0,0.0,0.0,0.0,0.0,0.0,0.0,0.0,0.0,0.0,0.0,0.0,0.0,0.0,0.0,0.0,0.0,0.0,0.0,0.0,0.0,4130280.003656817,8260560.007313634,12390840.01097045,16521120.014627269,20651400.018284086,16521120.014627269,12390840.010970453,8260560.007313635,4130280.003656818,0.0,0.0,0.0,0.0,0.0,0.0
1400.0,1450.0,0.0,0.0,0.0,0.0,0.0,0.0,0.0,0.0,0.0,0.0,0.0,0.0,0.0,0.0,0.0,0.0,0.0,0.0,0.0,0.0,0.0,339602109.3751093,679204218.7502186,1018806328.125328,1358408437.5004373,1698010546.8755467,1358408437.5004373,1018806328.1253278,679204218.7502184,339602109.3751092,0.0,0.0,0.0,0.0,0.0,0.0
1450.0,1500.0,66220042.4213089,52976033.93704712,39732025.452785335,26488016.968523555,13244008.484261777,0.0,0.0,0.0,0.0,0.0,0.0,0.0,0.0,0.0,0.0,0.0,69863805.58242792,139727611.16485584,209591416.74728376,279455222.3297117,349319027.9121396,348488040.84367114,347657053.77520275,346826066.7067343,345995079.63826585,345164092.56979746,348256523.44696677,351348954.32413614,354441385.20130545,357533816.0784748,360626246.95564413,355016164.3086006,349406081.66155684,343795999.01451325,338185916.3674696,332575833.72042596
1500.0,1550.0,7322085.525397097,5857668.420317677,4393251.315238258,2928834.210158838,1464417.105079419,0.0,0.0,0.0,0.0,0.0,0.0,0.0,0.0,0.0,0.0,0.0,0.0,0.0,0.0,0.0,0.0,0.0,0.0,0.0,0.0,0.0,330124791.19723177,660249582.3944635,990374373.5916952,1320499164.788927,1650623955.9861588,1320499164.788927,990374373.5916955,660249582.3944637,330124791.1972318,0.0
1550.0,1600.0,0.0,0.0,0.0,0.0,0.0,0.0,0.0,0.0,0.0,0.0,0.0,0.0,0.0,0.0,0.0,0.0,0.0,0.0,0.0,0.0,0.0,0.0,0.0,0.0,0.0,0.0,0.0,0.0,0.0,0.0,0.0,4011002.452771542,8022004.905543084,12033007.358314628,16044009.811086169,20055012.263857715
