Unit: BTU,2024.0,2025.0,2026.0,2027.0,2028.0,2029.0,2030.0,2031.0,2032.0,2033.0,2034.0,2035.0,2036.0,2037.0,2038.0,2039.0,2040.0,2041.0,2042.0,2043.0,2044.0,2045.0,2046.0,2047.0,2048.0,2049.0,2050.0
agriculture and forestry 01T03,1057150000000.0,1001770000000.0,1001900000000.0,1018730000000.0,1039120000000.0,1053840000000.0,1065440000000.0,1078580000000.0,1116580000000.0,1114600000000.0,1124440000000.0,1135270000000.0,1145560000000.0,1163930000000.0,1182540000000.0,1198880000000.0,1210990000000.0,1216800000000.0,1224610000000.0,1232370000000.0,1241650000000.0,1252820000000.0,1264690000000.0,1276580000000.0,1288630000000.0,1300660000000.0,1312870000000.0
coal mining 05,0.0,0.0,0.0,0.0,0.0,0.0,0.0,0.0,0.0,0.0,0.0,0.0,0.0,0.0,0.0,0.0,0.0,0.0,0.0,0.0,0.0,0.0,0.0,0.0,0.0,0.0,0.0
oil and gas extraction 06,7919000000000.0,7895490000000.0,8189930000000.0,8196470000000.0,8253590000000.0,8301970000000.0,8398840000000.0,8487250000000.0,8561540000000.0,8620870000000.0,8689290000000.0,8717590000000.0,8748520000000.0,8782250000000.0,8812620000000.0,8848600000000.0,8907450000000.0,8975350000000.0,9018820000000.0,9064730000000.0,9096170000000.0,9121930000000.0,9148460000000.0,9181860000000.0,9202450000000.0,9214990000000.0,9220860000000.0
other mining and quarrying 07T08,898011000000.0,905572000000.0,909932000000.0,903412000000.0,892110000000.0,890978000000.0,894153000000.0,901564000000.0,909398000000.0,908637000000.0,909873000000.0,911357000000.0,908702000000.0,904687000000.0,902390000000.0,898753000000.0,893834000000.0,888759000000.0,885167000000.0,884627000000.0,885863000000.0,888629000000.0,889435000000.0,889949000000.0,889286000000.0,889338000000.0,889904000000.0
food beverage and tobacco 10T12,17140900000000.0,16763700000000.0,16535200000000.0,16603500000000.0,16647500000000.0,16625100000000.0,16510000000000.0,16435400000000.0,16389400000000.0,16216200000000.0,16071400000000.0,15862700000000.0,15648500000000.0,15420900000000.0,15219600000000.0,15028100000000.0,14883100000000.0,14770400000000.0,14748900000000.0,14743100000000.0,14743300000000.0,14722800000000.0,14662700000000.0,14601100000000.0,14543800000000.0,14494300000000.0,14449500000000.0
textiles apparel and leather 13T15,53176700000.0,53176700000.0,53176700000.0,53176700000.0,53176700000.0,53176700000.0,53176700000.0,53176700000.0,53176700000.0,53176700000.0,53176700000.0,53176700000.0,53176700000.0,53176700000.0,53176700000.0,53176700000.0,53176700000.0,53176700000.0,53176700000.0,53176700000.0,53176700000.0,53176700000.0,53176700000.0,53176700000.0,53176700000.0,53176700000.0,53176700000.0
wood products 16,91718600000.0,90211500000.0,89406500000.0,89764100000.0,89893000000.0,90541600000.0,90483700000.0,89798800000.0,89865400000.0,90220200000.0,90447500000.0,90165100000.0,89778600000.0,89295000000.0,88720200000.0,88219300000.0,87738600000.0,87520000000.0,87467900000.0,87344800000.0,87218800000.0,87431700000.0,87592400000.0,87689400000.0,87766100000.0,87800900000.0,87858800000.0
pulp paper and printing 17T18,1452720000000.0,1384670000000.0,1384950000000.0,1425110000000.0,1428220000000.0,1428600000000.0,1417080000000.0,1405260000000.0,1394130000000.0,1381220000000.0,1368110000000.0,1355210000000.0,1342380000000.0,1325980000000.0,1316120000000.0,1308680000000.0,1304090000000.0,1297120000000.0,1291340000000.0,1286630000000.0,1282530000000.0,1278950000000.0,1270210000000.0,1261920000000.0,1251380000000.0,1241910000000.0,1231560000000.0
refined petroleum and coke 19,17764600000000.0,17764600000000.0,17764600000000.0,17764600000000.0,17764600000000.0,17764600000000.0,17764600000000.0,17764600000000.0,17764600000000.0,17764600000000.0,17764600000000.0,17764600000000.0,17764600000000.0,17764600000000.0,17764600000000.0,17764600000000.0,17764600000000.0,17764600000000.0,17764600000000.0,17764600000000.0,17764600000000.0,17764600000000.0,17764600000000.0,17764600000000.0,17764600000000.0,17764600000000.0,17764600000000.0
chemicals 20,65985600000000.0,66872200000000.0,64951900000000.0,64150500000000.0,64243200000000.0,63594300000000.0,63718300000000.0,64231700000000.0,64593000000000.0,64886600000000.0,65343600000000.0,65698600000000.0,66050500000000.0,66132000000000.0,66355400000000.0,66970900000000.0,67629500000000.0,68458900000000.0,69672300000000.0,70869000000000.0,72158500000000.0,73524400000000.0,74825300000000.0,76168800000000.0,77402200000000.0,78451200000000.0,79762500000000.0
rubber and plastic products 22,1142980000000.0,1099140000000.0,1088320000000.0,1107070000000.0,1114740000000.0,1116880000000.0,1115730000000.0,1118940000000.0,1125360000000.0,1117190000000.0,1116800000000.0,1113990000000.0,1112370000000.0,1111980000000.0,1111760000000.0,1110120000000.0,1113150000000.0,1119360000000.0,1135280000000.0,1151860000000.0,1169210000000.0,1185990000000.0,1196710000000.0,1205890000000.0,1212730000000.0,1224110000000.0,1236880000000.0
glass and glass products 231,2675240000000.0,2610400000000.0,2581400000000.0,2539920000000.0,2489970000000.0,2440800000000.0,2393930000000.0,2349650000000.0,2310950000000.0,2277400000000.0,2249420000000.0,2223930000000.0,2197780000000.0,2171940000000.0,2146730000000.0,2124250000000.0,2102920000000.0,2083690000000.0,2065950000000.0,2050800000000.0,2036770000000.0,2023610000000.0,2011670000000.0,2000670000000.0,1990710000000.0,1980220000000.0,1970750000000.0
cement and other nonmetallic minerals 239,4944200000000.0,4966200000000.0,4851880000000.0,4996790000000.0,5213370000000.0,5429080000000.0,5613990000000.0,5875470000000.0,6110000000000.0,6333250000000.0,6548910000000.0,6757790000000.0,6955640000000.0,7153420000000.0,7346590000000.0,7540960000000.0,7672960000000.0,7801240000000.0,7904880000000.0,7896330000000.0,7877020000000.0,7930120000000.0,7998450000000.0,8076470000000.0,8162690000000.0,8252780000000.0,8349490000000.0
iron and steel 241,0.0,0.0,0.0,0.0,0.0,0.0,0.0,0.0,0.0,0.0,0.0,0.0,0.0,0.0,0.0,0.0,0.0,0.0,0.0,0.0,0.0,0.0,0.0,0.0,0.0,0.0,0.0
other metals 242,0.0,0.0,0.0,0.0,0.0,0.0,0.0,0.0,0.0,0.0,0.0,0.0,0.0,0.0,0.0,0.0,0.0,0.0,0.0,0.0,0.0,0.0,0.0,0.0,0.0,0.0,0.0
metal products except machinery and vehicles 25,682506000000.0,668888000000.0,684071000000.0,691213000000.0,682370000000.0,676057000000.0,672664000000.0,669643000000.0,674678000000.0,674648000000.0,679280000000.0,682900000000.0,684943000000.0,687343000000.0,691360000000.0,693057000000.0,696957000000.0,701146000000.0,707736000000.0,714979000000.0,725068000000.0,734663000000.0,742557000000.0,746662000000.0,748841000000.0,756120000000.0,763103000000.0
computers and electronics 26,35004500000.0,33782200000.0,34416100000.0,34901600000.0,34935100000.0,35021200000.0,34739000000.0,34420900000.0,34746100000.0,34475900000.0,34758100000.0,34861000000.0,34949500000.0,35071400000.0,35243600000.0,35475700000.0,35781800000.0,36174100000.0,36927500000.0,37771800000.0,38704600000.0,39587200000.0,40367000000.0,41060600000.0,41739900000.0,42471800000.0,43163000000.0
appliances and electrical equipment 27,98651900000.0,95009900000.0,94416300000.0,93528100000.0,91836500000.0,91086700000.0,92041800000.0,92715800000.0,93853900000.0,93653100000.0,93604000000.0,93858400000.0,93929800000.0,93920900000.0,93804800000.0,93728900000.0,93853900000.0,93992300000.0,94394000000.0,94777800000.0,95179500000.0,95630300000.0,96179300000.0,96692600000.0,97103200000.0,97455800000.0,97701300000.0
other machinery 28,805636000000.0,754671000000.0,742522000000.0,758049000000.0,769635000000.0,781280000000.0,789398000000.0,801962000000.0,815651000000.0,814496000000.0,819859000000.0,828245000000.0,834556000000.0,838201000000.0,839149000000.0,838764000000.0,841697000000.0,844897000000.0,849223000000.0,852572000000.0,855979000000.0,860394000000.0,865639000000.0,871328000000.0,874973000000.0,877491000000.0,878914000000.0
road vehicles 29,769203000000.0,769203000000.0,769203000000.0,769203000000.0,769203000000.0,769203000000.0,769203000000.0,769203000000.0,769203000000.0,769203000000.0,769203000000.0,769203000000.0,769203000000.0,769203000000.0,769203000000.0,769203000000.0,769203000000.0,769203000000.0,769203000000.0,769203000000.0,769203000000.0,769203000000.0,769203000000.0,769203000000.0,769203000000.0,769203000000.0,769203000000.0
nonroad vehicles 30,3030580000000.0,3030580000000.0,3030580000000.0,3030580000000.0,3030580000000.0,3030580000000.0,3030580000000.0,3030580000000.0,3030580000000.0,3030580000000.0,3030580000000.0,3030580000000.0,3030580000000.0,3030580000000.0,3030580000000.0,3030580000000.0,3030580000000.0,3030580000000.0,3030580000000.0,3030580000000.0,3030580000000.0,3030580000000.0,3030580000000.0,3030580000000.0,3030580000000.0,3030580000000.0,3030580000000.0
other manufacturing 31T33,94230900000.0,89790000000.0,89176300000.0,89392400000.0,88465000000.0,87688200000.0,87336800000.0,87006800000.0,86579300000.0,85337800000.0,84312600000.0,83233900000.0,82054900000.0,80970600000.0,80048200000.0,79021100000.0,78433000000.0,78063200000.0,78064400000.0,78135100000.0,78290500000.0,78484400000.0,78363600000.0,78173100000.0,77813200000.0,77787100000.0,77583100000.0
energy pipelines and gas processing 352T353,14643000000000.0,14643000000000.0,14044900000000.0,15003600000000.0,15427900000000.0,16059900000000.0,17939300000000.0,18872100000000.0,19684300000000.0,20248200000000.0,21179700000000.0,21910200000000.0,22624000000000.0,23171300000000.0,23676000000000.0,24215200000000.0,24650400000000.0,25080500000000.0,25520400000000.0,25971000000000.0,26397400000000.0,26697400000000.0,27039300000000.0,27380200000000.0,27626000000000.0,27631500000000.0,27692200000000.0
water and waste 36T39,0.0,0.0,0.0,0.0,0.0,0.0,0.0,0.0,0.0,0.0,0.0,0.0,0.0,0.0,0.0,0.0,0.0,0.0,0.0,0.0,0.0,0.0,0.0,0.0,0.0,0.0,0.0
construction 41T43,1491410000000.0,1463210000000.0,1453240000000.0,1459640000000.0,1465950000000.0,1482570000000.0,1499760000000.0,1515910000000.0,1531950000000.0,1538320000000.0,1539320000000.0,1543000000000.0,1544510000000.0,1542270000000.0,1538410000000.0,1533360000000.0,1525860000000.0,1517310000000.0,1514330000000.0,1510790000000.0,1509240000000.0,1513400000000.0,1518100000000.0,1521960000000.0,1526060000000.0,1531800000000.0,1539540000000.0
